record_id,reporting_month,reporting_date,submission_date,district,training_center_id,program_type,participants_enrolled,participants_completed,participants_in_progress,participants_dropped,employment_outcomes,trainers_count,training_hours,budget_allocated,budget_spent,data_source
1,2025-04-01,2025-04-30,2025-05-07 00:00:00,District B,CENTER_01,Entrepreneurship,48,33,11,4,16,4,24,243061,249224,monthly_center_report
2,2025-10-01,2025-10-31,2025-11-04 00:00:00,District B,CENTER_18,Digital Skills,74,62,12,0,24,6,67,57811,49100,program_database
3,2025-09-01,2025-09-30,2025-10-05 00:00:00,District B,CENTER_07,Vocational Training,97,59,37,1,31,6,115,197127,123795,monthly_center_report
4,2025-04-01,2025-04-30,2025-05-07 00:00:00,District D,CENTER_18,Career Readiness,77,44,16,17,14,6,22,51703,50828,manual_submission
5,2025-05-01,2025-05-31,2025-06-03 00:00:00,District C,CENTER_14,Entrepreneurship,39,59,6,3,17,3,66,138236,124970,manual_submission
6,2025-02-01,2025-02-28,2025-03-05 00:00:00,District B,CENTER_03,Career Readiness,65,36,2,27,24,6,81,140165,145064,monthly_center_report
7,2025-09-01,2025-09-30,2025-10-05 00:00:00,District E,CENTER_02,Career Readiness,35,30,2,3,8,3,118,70656,46362,monthly_center_report
8,2025-10-01,2025-10-31,2025-11-07 00:00:00,District E,CENTER_20,Entrepreneurship,44,27,15,2,12,3,33,62012,39793,monthly_center_report
9,2025-04-01,2025-04-30,2025-05-02 00:00:00,District D,CENTER_10,Digital Skills,32,21,5,6,7,2,82,122869,99816,monthly_center_report
10,2025-06-01,2025-06-30,2025-07-03 00:00:00,District H,CENTER_12,Vocational Training,65,46,13,6,10,5,80,225682,156987,program_database
11,2025-09-01,2025-09-30,2025-10-07 00:00:00,,CENTER_03,Vocational Training,51,40,9,2,9,3,50,171178,106087,monthly_center_report
12,2025-11-01,2025-11-30,2025-12-03 00:00:00,District G,CENTER_09,Vocational Training,61,40,20,1,12,3,114,110043,80681,monthly_center_report
13,2025-05-01,2025-05-31,2025-06-03 00:00:00,District A,CENTER_11,Career Readiness,28,20,5,3,13,2,36,198682,187275,monthly_center_report
14,2025-07-01,2025-07-31,2025-08-05 00:00:00,District F,CENTER_07,Career Readiness,78,49,25,4,17,6,43,119436,96398,manual_submission
15,2025-12-01,2025-12-31,2026-01-04 00:00:00,District C,CENTER_08,Entrepreneurship,94,73,8,13,49,8,42,202969,116346,monthly_center_report
16,2025-03-01,2025-03-31,2025-04-03 00:00:00,District G,CENTER_12,Vocational Training,85,67,3,15,33,5,101,73831,46902,monthly_center_report
17,2025-11-01,2025-11-30,2025-12-06 00:00:00,District A,CENTER_04,Vocational Training,40,23,4,13,10,4,69,206345,211388,monthly_center_report
18,2025-10-01,2025-10-31,2025-11-05 00:00:00,District B,CENTER_13,Career Readiness,79,73,2,4,36,4,97,115906,110597,manual_submission
19,2025-11-01,2025-11-30,2025-12-02 00:00:00,District A,CENTER_04,Entrepreneurship,63,42,18,3,19,4,98,126939,76015,program_database
20,2025-01-01,2025-01-31,2025-02-04 00:00:00,District G,CENTER_06,Career Readiness,53,43,2,8,25,3,98,249743,192321,monthly_center_report
21,2025-11-01,2025-11-30,2025-12-06 00:00:00,District C,CENTER_17,Digital Skills,58,34,4,20,12,3,89,183080,146022,monthly_center_report
22,2025-03-01,2025-03-31,2025-04-06 00:00:00,District D,CENTER_05,Entrepreneurship,89,50,6,33,19,5,46,50149,50382,monthly_center_report
23,2025-02-01,2025-02-28,2025-03-02 00:00:00,District F,CENTER_16,Digital Skills,66,43,14,9,28,5,34,112770,99379,monthly_center_report
24,2025-02-01,2025-02-28,2025-03-04 00:00:00,District A,CENTER_08,Digital Skills,82,55,1,26,37,5,69,68143,55198,monthly_center_report
25,2025-09-01,2025-09-30,2025-10-05 00:00:00,District C,CENTER_05,Career Readiness,41,31,6,4,20,3,55,188326,120985,manual_submission
26,2025-12-01,2025-12-31,2026-01-01 00:00:00,District G,CENTER_07,Vocational Training,59,74,1,3,23,4,27,226078,211963,monthly_center_report
27,2025-02-01,2025-02-28,2025-03-04 00:00:00,District F,CENTER_15,Career Readiness,51,47,3,1,28,3,98,66784,66611,program_database
28,2025-10-01,2025-10-31,2025-11-02 00:00:00,District F,CENTER_01,Vocational Training,48,37,11,0,16,3,22,68610,69360,monthly_center_report
29,2025-01-01,2025-01-31,2025-02-06 00:00:00,District A,CENTER_08,Digital Skills,62,36,24,2,16,3,81,184782,119737,program_database
30,2025-04-01,2025-04-30,2025-05-05 00:00:00,District D,CENTER_09,Career Readiness,89,50,31,8,15,5,66,239622,170770,program_database
31,2025-07-01,2025-07-31,2025-08-04 00:00:00,District H,CENTER_08,Career Readiness,44,31,12,1,15,3,96,75409,51706,monthly_center_report
32,2025-07-01,2025-07-31,2025-08-01 00:00:00,District G,CENTER_12,Career Readiness,79,69,10,0,20,5,117,226518,164990,monthly_center_report
33,2025-12-01,2025-12-31,2026-01-01 00:00:00,District B,CENTER_02,Career Readiness,63,41,19,3,15,4,107,115183,94605,monthly_center_report
34,2025-03-01,2025-03-31,2025-04-03 00:00:00,District D,CENTER_07,Career Readiness,74,44,25,5,28,6,115,123018,117002,monthly_center_report
35,2025-08-01,2025-08-31,2025-09-03 00:00:00,District H,CENTER_08,Digital Skills,90,52,32,6,16,7,80,63261,66009,monthly_center_report
36,2025-03-01,2025-03-31,2025-04-07 00:00:00,District A,CENTER_03,Vocational Training,72,61,4,7,14,5,51,176185,114407,monthly_center_report
37,2025-03-01,2025-03-31,2025-04-02 00:00:00,District D,CENTER_13,Digital Skills,68,37,31,0,9,5,113,152346,145906,manual_submission
38,2025-07-01,2025-07-31,2025-08-04 00:00:00,District E,CENTER_15,Entrepreneurship,91,75,1,15,50,7,32,90579,82834,monthly_center_report
39,2025-01-01,2025-01-31,2025-02-04 00:00:00,District D,CENTER_10,Vocational Training,94,80,3,11,36,7,20,192133,112786,program_database
40,2025-01-01,2025-01-31,2025-02-07 00:00:00,District A,CENTER_11,Digital Skills,94,65,14,15,26,8,53,181819,110534,monthly_center_report
41,2025-03-01,2025-03-31,2025-04-06 00:00:00,District C,CENTER_02,Digital Skills,28,25,3,33,15,3,81,227002,195596,program_database
42,2025-10-01,2025-10-31,2025-11-06 00:00:00,District D,CENTER_13,Digital Skills,51,34,16,1,21,3,98,212367,123550,monthly_center_report
43,2025-05-01,2025-05-31,2025-06-07 00:00:00,District B,CENTER_14,Entrepreneurship,46,31,5,10,11,3,97,112570,80216,program_database
44,2025-11-01,2025-11-30,2025-12-06 00:00:00,District E,CENTER_13,Vocational Training,58,48,3,7,26,4,112,132883,115445,monthly_center_report
45,2025-10-01,2025-10-31,2025-11-03 00:00:00,District B,CENTER_01,Career Readiness,92,83,8,1,49,5,117,69204,54401,monthly_center_report
46,2025-03-01,2025-03-31,2025-04-04 00:00:00,District D,CENTER_17,Entrepreneurship,64,38,24,2,20,5,101,114037,103388,monthly_center_report
47,2025-08-01,2025-08-31,2025-09-07 00:00:00,District F,CENTER_10,Vocational Training,89,76,2,11,21,5,90,129303,107404,monthly_center_report
48,2025-11-01,2025-11-30,2025-12-04 00:00:00,District A,CENTER_18,Entrepreneurship,33,28,4,1,18,2,112,119328,95092,monthly_center_report
49,2025-05-01,2025-05-31,2025-06-01 00:00:00,District B,CENTER_04,Vocational Training,56,42,5,9,20,5,50,105215,80360,monthly_center_report
50,2025-09-01,2025-09-30,2025-10-03 00:00:00,District F,CENTER_07,Entrepreneurship,82,45,21,16,15,6,83,63316,189948,monthly_center_report
51,2025-01-01,2025-01-31,2025-02-05 00:00:00,District B,CENTER_14,Entrepreneurship,20,11,4,5,5,1,44,84293,73183,program_database
52,2025-09-01,2025-09-30,2025-10-03 00:00:00,District E,CENTER_06,Career Readiness,74,50,7,17,11,4,57,52534,42252,monthly_center_report
53,2025-09-01,2025-09-30,2025-10-07 00:00:00,District B,CENTER_03,Vocational Training,24,21,1,2,6,2,33,202701,136751,monthly_center_report
54,2025-01-01,2025-01-31,2025-02-05 00:00:00,District C,CENTER_14,Vocational Training,59,42,6,11,24,4,27,60458,56091,program_database
55,2025-11-01,2025-11-30,2025-12-01 00:00:00,District F,CENTER_07,Vocational Training,33,21,7,5,4,3,110,196770,115797,monthly_center_report
56,2025-04-01,2025-04-30,2025-05-07 00:00:00,District G,CENTER_20,Vocational Training,40,26,50,12,11,2,73,96413,60799,monthly_center_report
57,2025-12-01,2025-12-31,2026-01-02 00:00:00,District G,CENTER_01,Vocational Training,62,57,2,3,26,5,21,225612,215247,monthly_center_report
58,2025-12-01,2025-12-31,2026-01-04 00:00:00,District D,CENTER_09,Vocational Training,33,26,1,6,6,2,100,60151,59292,manual_submission
59,2025-08-01,2025-08-31,2025-09-01 00:00:00,District H,CENTER_08,Vocational Training,64,55,5,4,38,4,120,109662,70543,program_database
60,2025-07-01,2025-07-31,2025-08-04 00:00:00,District D,CENTER_01,Vocational Training,62,56,4,2,18,4,97,68198,55899,program_database
61,2025-11-01,2025-11-30,2025-12-06 00:00:00,District E,CENTER_12,Career Readiness,88,76,7,5,27,6,108,57235,57123,monthly_center_report
62,2025-10-01,2025-10-31,2025-11-02 00:00:00,District B,CENTER_09,Vocational Training,53,35,17,1,12,4,75,78417,47444,program_database
63,2025-07-01,2025-07-31,2025-08-02 00:00:00,District G,CENTER_12,Entrepreneurship,97,62,3,32,20,8,113,80315,61324,monthly_center_report
64,2025-05-01,2025-05-31,2025-06-01 00:00:00,District G,CENTER_19,Vocational Training,25,21,1,3,4,2,112,50443,49452,monthly_center_report
65,2025-02-01,2025-02-28,2025-03-02 00:00:00,District D,CENTER_12,Career Readiness,62,34,9,19,19,5,103,132291,106543,monthly_center_report
66,2025-11-01,2025-11-30,2025-12-05 00:00:00,District B,CENTER_10,Entrepreneurship,72,51,11,10,35,4,104,155486,102784,monthly_center_report
67,2025-04-01,2025-04-30,2025-05-02 00:00:00,District E,CENTER_18,Vocational Training,73,43,9,21,13,5,80,149390,107382,monthly_center_report
68,2025-07-01,2025-07-31,2025-08-04 00:00:00,District C,CENTER_20,Entrepreneurship,90,83,7,0,44,8,41,129658,92264,monthly_center_report
69,2025-10-01,2025-10-31,2025-11-04 00:00:00,District E,CENTER_07,Career Readiness,97,73,4,20,42,5,54,134475,121230,monthly_center_report
70,2025-11-01,2025-11-30,2025-12-07 00:00:00,District H,CENTER_15,Career Readiness,47,32,0,15,20,3,120,242927,251645,monthly_center_report
71,2025-09-01,2025-09-30,2025-10-04 00:00:00,District C,CENTER_03,Entrepreneurship,99,69,49,19,38,5,35,74480,50340,program_database
72,2025-04-01,2025-04-30,2025-05-07 00:00:00,District D,CENTER_10,Vocational Training,38,28,10,0,10,2,69,62114,43507,monthly_center_report
73,2025-08-01,2025-08-31,2025-09-04 00:00:00,District D,CENTER_16,Digital Skills,73,48,5,20,17,6,62,200908,114204,program_database
74,2025-07-01,2025-07-31,2025-08-05 00:00:00,District D,CENTER_13,Career Readiness,51,40,9,2,22,4,36,221981,177882,monthly_center_report
75,2025-04-01,2025-04-30,2025-05-07 00:00:00,District A,CENTER_04,Career Readiness,42,23,3,16,14,3,99,171778,118410,program_database
76,2025-02-01,2025-02-28,2025-03-03 00:00:00,District A,CENTER_18,Vocational Training,78,71,5,2,21,5,77,171803,115070,monthly_center_report
77,2025-09-01,2025-09-30,2025-10-06 00:00:00,District F,CENTER_15,Career Readiness,77,46,21,10,18,6,21,244944,194663,monthly_center_report
78,2025-04-01,2025-04-30,2025-05-01 00:00:00,District H,CENTER_15,Entrepreneurship,55,51,0,4,33,3,23,177034,118794,monthly_center_report
79,2025-02-01,2025-02-28,2025-03-04 00:00:00,District D,CENTER_09,Career Readiness,56,45,8,3,27,4,104,121228,112840,monthly_center_report
80,2025-03-01,2025-03-31,2025-04-02 00:00:00,District F,CENTER_11,Digital Skills,39,25,11,3,17,3,58,150410,137491,program_database
81,2025-07-01,2025-07-31,2025-08-04 00:00:00,District C,CENTER_07,Digital Skills,72,50,12,10,29,5,117,192242,166510,monthly_center_report
82,2025-04-01,2025-04-30,2025-05-02 00:00:00,District H,CENTER_14,Digital Skills,73,58,3,12,23,5,113,203112,166122,monthly_center_report
83,2025-08-01,2025-08-31,2025-09-06 00:00:00,District A,CENTER_19,Career Readiness,20,11,4,5,5,2,25,128279,124129,program_database
84,2025-08-01,2025-08-31,2025-09-06 00:00:00,District G,CENTER_14,Vocational Training,48,32,8,8,17,4,100,164251,105655,program_database
85,2025-06-01,2025-06-30,2025-07-06 00:00:00,District H,CENTER_01,Career Readiness,71,40,21,10,10,4,108,172523,145858,monthly_center_report
86,2025-07-01,2025-07-31,2025-08-02 00:00:00,District C,CENTER_20,Digital Skills,95,77,0,18,87,7,88,223801,124946,monthly_center_report
87,2025-03-01,2025-03-31,2025-04-04 00:00:00,District A,CENTER_03,Career Readiness,79,59,15,5,33,6,88,63181,41904,monthly_center_report
88,2025-04-01,2025-04-30,2025-05-06 00:00:00,District E,CENTER_13,Entrepreneurship,78,63,5,10,18,4,39,138473,88232,monthly_center_report
89,2025-05-01,2025-05-31,2025-06-05 00:00:00,District G,CENTER_09,Career Readiness,30,24,3,3,14,2,83,55081,40945,monthly_center_report
90,2025-11-01,2025-11-30,2025-12-07 00:00:00,District A,CENTER_12,Vocational Training,28,25,3,0,12,2,35,247717,153277,manual_submission
91,2025-01-01,2025-01-31,2025-02-02 00:00:00,District A,CENTER_08,Vocational Training,99,67,23,9,45,5,70,112533,68277,monthly_center_report
92,2025-10-01,2025-10-31,2025-11-02 00:00:00,District C,CENTER_16,Digital Skills,47,43,1,3,10,3,56,233360,230715,monthly_center_report
93,2025-10-01,2025-10-31,2025-11-04 00:00:00,District E,CENTER_12,Vocational Training,97,63,27,7,21,6,92,92930,81777,monthly_center_report
94,2025-05-01,2025-05-31,2025-06-02 00:00:00,District E,CENTER_04,Digital Skills,93,81,2,10,41,8,88,148384,122802,manual_submission
95,2025-10-01,2025-10-31,2025-11-02 00:00:00,District G,CENTER_07,Digital Skills,100,76,17,7,26,7,61,76712,51468,program_database
96,2025-10-01,2025-10-31,2025-11-06 00:00:00,District E,CENTER_20,Digital Skills,25,14,6,5,8,2,76,189655,189390,monthly_center_report
97,2025-09-01,2025-09-30,2025-10-04 00:00:00,District G,CENTER_12,Digital Skills,63,57,6,0,33,5,85,160115,138747,program_database
98,2025-06-01,2025-06-30,2025-07-06 00:00:00,District H,CENTER_04,Career Readiness,78,53,3,22,13,5,28,90105,65290,monthly_center_report
99,2025-10-01,2025-10-31,2025-11-07 00:00:00,District G,CENTER_06,Entrepreneurship,88,73,0,15,33,6,119,171863,171614,monthly_center_report
100,2025-06-01,2025-06-30,2025-07-07 00:00:00,District G,CENTER_19,Entrepreneurship,51,46,5,0,21,4,105,123119,115724,monthly_center_report
101,2025-10-01,2025-10-31,2025-11-06 00:00:00,District H,CENTER_08,Career Readiness,98,79,7,12,30,7,83,138184,207276,monthly_center_report
102,2025-03-01,2025-03-31,2025-04-07 00:00:00,District A,CENTER_16,Entrepreneurship,82,50,19,13,33,5,105,143015,142911,monthly_center_report
103,2025-10-01,2025-10-31,2025-11-04 00:00:00,District E,CENTER_11,Entrepreneurship,55,43,4,8,26,5,41,52661,29205,manual_submission
104,2025-12-01,2025-12-31,2026-01-01 00:00:00,District D,CENTER_03,Vocational Training,72,42,15,15,23,4,53,195536,172414,monthly_center_report
105,2025-08-01,2025-08-31,2025-09-06 00:00:00,District D,CENTER_16,Career Readiness,22,12,9,1,7,2,74,127132,80144,manual_submission
106,2025-05-01,2025-05-31,2025-06-05 00:00:00,District D,CENTER_13,Vocational Training,94,72,11,11,31,6,48,174062,155950,monthly_center_report
107,2025-06-01,2025-06-30,2025-07-05 00:00:00,District F,CENTER_14,Entrepreneurship,78,63,7,8,42,5,57,130379,86328,monthly_center_report
108,2025-12-01,2025-12-31,2026-01-02 00:00:00,District E,CENTER_08,Digital Skills,44,36,3,5,20,3,116,81340,54385,monthly_center_report
109,2025-12-01,2025-12-31,2026-01-07 00:00:00,District C,CENTER_07,Vocational Training,81,55,18,8,31,6,37,239945,221528,monthly_center_report
110,2025-05-01,2025-05-31,2025-06-05 00:00:00,District E,CENTER_04,Vocational Training,49,39,5,5,25,3,90,97039,94575,monthly_center_report
111,2025-05-01,2025-05-31,2025-06-02 00:00:00,District E,CENTER_01,Vocational Training,25,20,5,0,7,2,84,195059,162709,monthly_center_report
112,2025-02-01,2025-02-28,2025-03-01 00:00:00,District E,CENTER_05,Career Readiness,21,12,0,9,7,2,116,124537,91392,monthly_center_report
113,2025-06-01,2025-06-30,2025-07-04 00:00:00,District H,CENTER_16,Career Readiness,43,28,14,1,8,3,20,116185,78075,monthly_center_report
114,2025-07-01,2025-07-31,2025-08-04 00:00:00,District H,CENTER_04,Digital Skills,82,77,5,0,29,5,107,201262,150251,program_database
115,2025-10-01,2025-10-31,2025-11-04 00:00:00,District A,CENTER_05,Vocational Training,58,52,6,0,19,4,23,115061,99593,monthly_center_report
116,2025-10-01,2025-10-31,2025-11-05 00:00:00,District B,CENTER_18,Career Readiness,96,83,1,12,57,0,23,212114,169970,monthly_center_report
117,2025-08-01,2025-08-31,2025-09-01 00:00:00,District D,CENTER_17,Career Readiness,76,59,8,9,37,4,101,204278,162658,monthly_center_report
118,2025-10-01,2025-10-31,2025-11-05 00:00:00,District G,CENTER_10,Digital Skills,32,20,0,12,11,2,46,104470,95195,manual_submission
119,2025-03-01,2025-03-31,2025-04-07 00:00:00,District D,CENTER_09,Digital Skills,50,33,12,5,19,3,62,194701,109452,program_database
120,2025-07-01,2025-07-31,2025-08-05 00:00:00,District B,CENTER_06,Digital Skills,77,62,0,15,30,5,78,126351,80682,monthly_center_report
121,2025-12-01,2025-12-31,2026-01-01 00:00:00,District A,CENTER_08,Entrepreneurship,56,51,0,5,34,3,51,169021,173578,monthly_center_report
122,2025-11-01,2025-11-30,2025-12-01 00:00:00,District B,CENTER_08,Entrepreneurship,95,87,5,3,39,6,52,161447,118676,monthly_center_report
123,2025-11-01,2025-11-30,2025-12-07 00:00:00,District B,CENTER_18,Vocational Training,39,21,10,8,8,2,47,87286,88521,manual_submission
124,2025-05-01,2025-05-31,2025-06-01 00:00:00,District B,CENTER_02,Vocational Training,96,69,4,23,19,8,74,199214,205853,program_database
125,2025-08-01,2025-08-31,2025-09-01 00:00:00,District E,CENTER_15,Digital Skills,58,54,1,3,32,3,119,121367,118515,monthly_center_report
126,2025-10-01,2025-10-31,2025-11-04 00:00:00,District H,CENTER_15,Digital Skills,25,16,3,6,9,2,79,242553,180107,monthly_center_report
127,2025-01-01,2025-01-31,2025-02-07 00:00:00,District F,CENTER_20,Entrepreneurship,31,27,3,1,11,3,89,226763,160652,monthly_center_report
128,2025-03-01,2025-03-31,2025-04-03 00:00:00,District A,CENTER_09,Digital Skills,80,49,3,28,10,4,81,122917,101824,manual_submission
129,2025-11-01,2025-11-30,2025-12-03 00:00:00,District C,CENTER_19,Career Readiness,82,75,6,1,46,7,99,173210,155545,monthly_center_report
130,2025-06-01,2025-06-30,2025-07-01 00:00:00,District F,CENTER_14,Entrepreneurship,33,25,6,2,5,3,53,136456,81680,monthly_center_report
131,2025-11-01,2025-11-30,2025-12-03 00:00:00,District G,CENTER_999,Entrepreneurship,71,56,14,1,31,4,106,169229,176848,monthly_center_report
132,2025-06-01,2025-06-30,2025-07-03 00:00:00,District B,CENTER_11,Entrepreneurship,34,20,2,12,14,3,107,155952,126190,program_database
133,2025-07-01,2025-07-31,2025-08-01 00:00:00,,CENTER_18,Career Readiness,26,23,2,1,10,2,75,185905,171104,program_database
134,2025-11-01,2025-11-30,2025-12-03 00:00:00,District F,CENTER_20,Career Readiness,76,62,2,12,20,4,32,63529,57255,program_database
135,2025-05-01,2025-05-31,2025-06-05 00:00:00,District D,CENTER_09,Vocational Training,76,52,2,22,29,5,75,177064,123377,monthly_center_report
136,2025-12-01,2025-12-31,2026-01-02 00:00:00,District B,CENTER_01,Vocational Training,40,34,4,2,21,4,37,194399,185662,program_database
137,2025-02-01,2025-02-28,2025-03-07 00:00:00,District A,CENTER_18,Career Readiness,48,43,5,0,20,4,73,170965,172096,monthly_center_report
138,2025-12-01,2025-12-31,2026-01-02 00:00:00,District B,CENTER_05,Career Readiness,57,43,6,8,29,4,96,234919,188113,monthly_center_report
139,2025-08-01,2025-08-31,2025-09-01 00:00:00,District E,CENTER_14,Career Readiness,51,44,0,7,10,3,120,194510,170192,monthly_center_report
140,2025-10-01,2025-10-31,2025-11-04 00:00:00,District C,CENTER_13,Vocational Training,85,70,11,4,32,5,62,68300,64741,manual_submission
141,2025-09-01,2025-09-30,2025-10-07 00:00:00,District E,CENTER_14,Entrepreneurship,54,48,0,6,27,4,58,50672,36433,monthly_center_report
142,2025-03-01,2025-03-31,2025-04-01 00:00:00,District E,CENTER_10,Career Readiness,77,53,7,17,33,5,80,176967,105647,program_database
143,2025-08-01,2025-08-31,2025-09-04 00:00:00,District F,CENTER_11,Career Readiness,61,47,1,13,14,4,61,99454,56487,program_database
144,2025-04-01,2025-04-30,2025-05-02 00:00:00,District D,CENTER_19,Career Readiness,72,53,18,1,32,4,100,133408,109570,monthly_center_report
145,2025-11-01,2025-11-30,2025-12-01 00:00:00,District H,CENTER_13,Career Readiness,39,25,7,7,12,3,98,59704,50474,monthly_center_report
146,2025-02-01,2025-02-28,2025-03-07 00:00:00,District ZZZ,CENTER_17,Entrepreneurship,76,42,28,6,17,4,37,187874,106839,monthly_center_report
147,2025-07-01,2025-07-31,2025-08-07 00:00:00,District H,CENTER_01,Vocational Training,39,34,5,0,9,3,42,173074,126360,monthly_center_report
148,2025-11-01,2025-11-30,2025-12-06 00:00:00,District E,CENTER_11,Career Readiness,30,18,7,5,11,2,73,226778,183944,monthly_center_report
149,2025-09-01,2025-09-30,2025-10-05 00:00:00,District G,CENTER_11,Career Readiness,24,20,0,4,6,2,49,67936,44695,monthly_center_report
150,2025-12-01,2025-12-31,2026-01-03 00:00:00,District D,CENTER_10,Vocational Training,31,24,1,6,9,2,117,75806,44928,program_database
151,2025-12-01,2025-12-31,2026-01-04 00:00:00,District B,CENTER_15,Vocational Training,58,33,25,0,11,3,77,62056,50617,manual_submission
152,2025-06-01,2025-06-30,2025-07-06 00:00:00,District F,CENTER_02,Entrepreneurship,67,51,3,13,32,6,87,88160,76585,monthly_center_report
153,2025-10-01,2025-10-31,2025-11-03 00:00:00,District D,CENTER_17,Career Readiness,43,36,5,2,19,3,86,95893,99529,monthly_center_report
154,2025-10-01,2025-10-31,2025-11-03 00:00:00,District B,CENTER_20,Career Readiness,50,37,6,7,22,3,90,202871,144338,monthly_center_report
155,2025-11-01,2025-11-30,2025-12-01 00:00:00,District C,CENTER_08,Career Readiness,52,45,0,7,15,5,37,116932,80147,program_database
156,2025-11-01,2025-11-30,2025-12-03 00:00:00,District A,CENTER_15,Entrepreneurship,89,64,20,5,33,6,26,69362,40870,program_database
157,2025-11-01,2025-11-30,2025-12-05 00:00:00,District H,CENTER_12,Entrepreneurship,74,41,17,16,20,4,59,169756,175073,monthly_center_report
158,2025-08-01,2025-08-31,2025-09-07 00:00:00,District E,CENTER_07,Career Readiness,33,29,3,1,18,3,89,149972,134672,monthly_center_report
159,2025-12-01,2025-12-31,2026-01-06 00:00:00,District F,CENTER_19,Entrepreneurship,57,40,17,0,26,4,105,222550,141685,program_database
160,2025-10-01,2025-10-31,2025-11-03 00:00:00,District G,CENTER_09,Digital Skills,26,15,2,9,3,2,84,245342,165635,monthly_center_report
161,2025-10-01,2025-10-31,2025-11-01 00:00:00,District I,CENTER_10,Vocational Training,65,50,8,7,27,4,87,216885,196779,monthly_center_report
162,2025-11-01,2025-11-30,2025-12-05 00:00:00,District D,CENTER_20,Entrepreneurship,37,30,6,1,7,3,68,214484,147986,monthly_center_report
163,2025-01-01,2025-01-31,2025-02-02 00:00:00,District A,CENTER_10,Career Readiness,94,87,2,5,41,5,71,241983,222369,monthly_center_report
164,2025-06-01,2025-06-30,2025-07-07 00:00:00,District C,CENTER_03,Entrepreneurship,73,56,12,5,19,4,48,102637,87842,monthly_center_report
165,2025-09-01,2025-09-30,2025-10-07 00:00:00,District C,CENTER_18,Entrepreneurship,84,60,16,8,21,4,40,93134,62759,program_database
166,2025-12-01,2025-12-31,2026-01-06 00:00:00,District E,CENTER_16,Entrepreneurship,63,43,17,3,16,4,109,172770,160490,program_database
167,2025-11-01,2025-11-30,2025-12-07 00:00:00,District B,CENTER_05,Vocational Training,70,38,9,23,19,6,97,73672,44795,monthly_center_report
168,2025-09-01,2025-09-30,2025-10-03 00:00:00,District G,CENTER_01,Entrepreneurship,35,19,2,14,7,2,28,146622,83627,manual_submission
169,2025-11-01,2025-11-30,2025-12-01 00:00:00,District E,CENTER_19,Career Readiness,67,59,7,1,33,6,66,226904,204628,monthly_center_report
170,2025-10-01,2025-10-31,2025-11-07 00:00:00,District D,CENTER_16,Digital Skills,91,67,14,10,27,8,95,209929,125730,program_database
171,2025-12-01,2025-12-31,2026-01-07 00:00:00,District D,CENTER_03,Career Readiness,58,78,2,13,18,4,61,80585,63399,monthly_center_report
172,2025-05-01,2025-05-31,2025-06-02 00:00:00,District C,CENTER_02,Digital Skills,83,51,25,7,30,5,70,75478,57886,program_database
173,2025-07-01,2025-07-31,2025-08-02 00:00:00,District D,CENTER_18,Vocational Training,78,55,12,11,19,4,75,225763,193687,manual_submission
174,2025-07-01,2025-07-31,2025-08-04 00:00:00,District G,CENTER_19,Vocational Training,32,25,0,7,10,2,70,211389,121052,monthly_center_report
175,2025-12-01,2025-12-31,2026-01-05 00:00:00,District G,CENTER_09,Digital Skills,67,46,15,6,25,5,89,166230,143444,manual_submission
176,2025-02-01,2025-02-28,2025-99-99,District H,CENTER_08,Entrepreneurship,67,50,0,17,18,5,39,219037,214271,program_database
177,2025-05-01,2025-05-31,2025-06-07 00:00:00,District F,CENTER_02,Career Readiness,44,35,8,1,8,3,107,169201,106844,program_database
178,2025-01-01,2025-01-31,2025-02-07 00:00:00,District B,CENTER_07,Digital Skills,62,35,20,7,14,4,46,83010,72319,monthly_center_report
179,2025-10-01,2025-10-31,2025-11-01 00:00:00,District D,CENTER_03,Vocational Training,47,26,14,7,17,3,57,136129,114741,program_database
180,2025-05-01,2025-05-31,2025-06-04 00:00:00,District C,CENTER_20,Digital Skills,38,35,2,1,18,3,91,191614,160522,program_database
181,2025-11-01,2025-11-30,2025-12-05 00:00:00,District E,CENTER_06,Digital Skills,23,16,5,2,9,2,84,53895,46977,monthly_center_report
182,2025-01-01,2025-01-31,2025-02-04 00:00:00,District F,CENTER_08,Entrepreneurship,42,30,8,4,15,3,73,63736,52442,manual_submission
183,2025-12-01,2025-12-31,2026-01-06 00:00:00,District C,CENTER_14,Digital Skills,28,25,0,3,7,2,43,167512,124470,monthly_center_report
184,2025-08-01,2025-08-31,2025-09-05 00:00:00,District F,CENTER_17,Digital Skills,84,78,5,1,32,7,66,211246,211811,monthly_center_report
185,2025-08-01,2025-08-31,2025-09-07 00:00:00,District A,CENTER_17,Entrepreneurship,23,14,9,0,8,2,90,175562,102647,monthly_center_report
186,2025-08-01,2025-08-31,2025-09-07 00:00:00,District G,CENTER_14,Digital Skills,76,44,28,4,11,5,102,71178,39796,monthly_center_report
187,2025-02-01,2025-02-28,2025-03-05 00:00:00,District F,CENTER_20,Vocational Training,36,21,7,8,7,3,105,213661,190479,monthly_center_report
188,2025-08-01,2025-08-31,2025-09-07 00:00:00,District F,CENTER_13,Entrepreneurship,84,48,9,27,16,4,82,75999,53920,monthly_center_report
189,2025-07-01,2025-07-31,2025-08-03 00:00:00,District B,CENTER_18,Vocational Training,77,68,6,3,28,6,76,158478,89006,manual_submission
190,2025-07-01,2025-07-31,2025-08-05 00:00:00,District F,CENTER_15,Career Readiness,32,28,2,2,19,2,74,161873,111842,monthly_center_report
191,2025-03-01,2025-03-31,2025-04-04 00:00:00,District F,CENTER_09,Entrepreneurship,80,47,29,-3,11,4,79,73914,66402,monthly_center_report
192,2025-02-01,2025-02-28,2025-03-05 00:00:00,District B,CENTER_03,Career Readiness,67,53,2,12,24,5,118,84108,83160,monthly_center_report
193,2025-11-01,2025-11-30,2025-12-07 00:00:00,District A,CENTER_19,Entrepreneurship,35,29,3,3,8,2,81,142693,135806,monthly_center_report
194,2025-10-01,2025-10-31,2025-11-03 00:00:00,District G,CENTER_02,Entrepreneurship,59,39,9,11,27,4,49,77158,49282,manual_submission
195,2025-04-01,2025-04-30,2025-05-03 00:00:00,District D,CENTER_05,Career Readiness,33,28,3,2,7,3,112,195821,186699,program_database
196,2025-10-01,2025-10-31,2025-11-06 00:00:00,District F,CENTER_04,Entrepreneurship,48,45,0,3,18,3,41,197053,149032,program_database
197,2025-01-01,2025-01-31,2025-02-04 00:00:00,District A,CENTER_20,Entrepreneurship,43,30,9,4,17,3,94,234208,219735,monthly_center_report
198,2025-01-01,2025-01-31,2025-02-02 00:00:00,District E,CENTER_11,Entrepreneurship,43,29,1,13,16,3,103,87552,88898,monthly_center_report
199,2025-12-01,2025-12-31,2026-01-02 00:00:00,District G,CENTER_03,Vocational Training,23,20,3,0,8,2,48,245588,187751,monthly_center_report
200,2025-08-01,2025-08-31,2025-09-05 00:00:00,District D,CENTER_13,Career Readiness,63,53,8,2,20,5,60,147007,136315,monthly_center_report
201,2025-01-01,2025-01-31,2025-02-06 00:00:00,District E,CENTER_11,Digital Skills,39,23,11,5,9,4,61,247770,248086,monthly_center_report
202,2025-08-01,2025-08-31,2025-09-01 00:00:00,District A,CENTER_03,Entrepreneurship,74,55,4,15,18,4,117,209141,201450,program_database
203,2025-04-01,2025-04-30,2025-05-05 00:00:00,District H,CENTER_14,Entrepreneurship,85,57,25,3,17,6,84,140484,140169,monthly_center_report
204,2025-11-01,2025-11-30,2025-12-06 00:00:00,District G,CENTER_04,Entrepreneurship,95,67,13,15,30,5,50,188132,104492,program_database
205,2025-07-01,2025-07-31,2025-08-04 00:00:00,District E,CENTER_02,Vocational Training,96,87,9,0,29,6,49,52015,30982,monthly_center_report
206,2025-03-01,2025-03-31,2025-04-04 00:00:00,District D,CENTER_10,Vocational Training,52,35,8,9,12,3,37,136015,-1000,monthly_center_report
207,2025-12-01,2025-12-31,2026-01-04 00:00:00,District B,CENTER_01,Career Readiness,75,69,5,1,36,6,36,83865,70171,monthly_center_report
208,2025-09-01,2025-09-30,2025-10-04 00:00:00,District G,CENTER_18,Vocational Training,91,73,7,11,50,5,57,68894,53339,monthly_center_report
209,2025-01-01,2025-01-31,2025-02-04 00:00:00,District G,CENTER_02,Career Readiness,78,52,24,2,26,4,33,132066,94339,program_database
210,2025-12-01,2025-12-31,2026-01-06 00:00:00,District G,CENTER_19,Career Readiness,73,59,10,4,14,4,106,80192,74272,monthly_center_report
211,2025-03-01,2025-03-31,2025-04-06 00:00:00,District G,CENTER_01,Entrepreneurship,99,85,7,7,20,5,108,230777,218040,monthly_center_report
212,2025-02-01,2025-02-28,2025-03-03 00:00:00,District F,CENTER_03,Career Readiness,51,29,9,13,20,3,98,204369,162925,manual_submission
213,2025-07-01,2025-07-31,2025-08-02 00:00:00,District G,CENTER_17,Digital Skills,59,33,3,23,12,4,75,139001,114643,monthly_center_report
214,2025-02-01,2025-02-28,2025-03-07 00:00:00,District D,CENTER_11,Vocational Training,85,61,4,20,15,7,41,79891,79399,monthly_center_report
215,2025-12-01,2025-12-31,2026-01-04 00:00:00,District D,CENTER_12,Entrepreneurship,38,26,9,3,13,4,86,76949,46826,monthly_center_report
216,2025-03-01,2025-03-31,2025-04-01 00:00:00,District C,CENTER_09,Vocational Training,97,58,30,9,30,5,75,249285,232023,monthly_center_report
217,2025-08-01,2025-08-31,2025-09-07 00:00:00,District B,CENTER_06,Career Readiness,92,73,1,18,38,6,38,167677,100700,program_database
218,2025-08-01,2025-08-31,2025-09-06 00:00:00,District F,CENTER_11,Vocational Training,28,16,5,7,5,2,76,165922,149410,program_database
219,2025-06-01,2025-06-30,2025-07-01 00:00:00,District E,CENTER_09,Digital Skills,84,48,32,4,10,5,63,131371,126238,manual_submission
220,2025-01-01,2025-01-31,2025-02-01 00:00:00,District H,CENTER_15,Digital Skills,67,55,8,4,38,6,117,70114,41414,monthly_center_report
221,2025-08-01,2025-08-31,2025-10-05 00:00:00,District B,CENTER_20,Career Readiness,94,54,5,35,18,8,54,243703,254260,monthly_center_report
222,2025-06-01,2025-06-30,2025-07-03 00:00:00,District A,CENTER_15,Vocational Training,97,67,15,15,36,6,20,181430,133409,program_database
223,2025-02-01,2025-02-28,2025-03-06 00:00:00,District C,CENTER_02,Career Readiness,-5,55,7,1,30,1,71,182264,186569,monthly_center_report
224,2025-12-01,2025-12-31,2026-01-01 00:00:00,District C,CENTER_02,Vocational Training,76,71,2,3,36,6,104,187381,173643,monthly_center_report
225,2025-05-01,2025-05-31,2025-06-04 00:00:00,District C,CENTER_12,Entrepreneurship,69,48,8,13,17,5,112,138700,82075,monthly_center_report
226,2025-06-01,2025-06-30,2025-07-05 00:00:00,District A,CENTER_11,Digital Skills,32,27,1,4,9,3,89,227833,188919,monthly_center_report
227,2025-12-01,2025-12-31,2026-01-01 00:00:00,District G,CENTER_10,Entrepreneurship,97,69,1,27,34,6,56,89419,89703,monthly_center_report
228,2025-06-01,2025-06-30,2025-07-03 00:00:00,District F,CENTER_03,Vocational Training,59,35,4,20,22,5,84,233102,185622,program_database
229,2025-05-01,2025-05-31,2025-06-07 00:00:00,District G,CENTER_05,Digital Skills,91,50,17,24,34,5,70,218687,171522,program_database
230,2025-11-01,2025-11-30,2025-12-06 00:00:00,District F,CENTER_05,Digital Skills,74,42,0,32,11,5,20,144851,88273,monthly_center_report
231,2025-03-01,2025-03-31,2025-04-03 00:00:00,District A,CENTER_12,Entrepreneurship,47,28,9,10,8,3,110,177473,155218,monthly_center_report
232,2025-03-01,2025-03-31,2025-04-01 00:00:00,District D,CENTER_08,Vocational Training,29,24,3,2,16,3,40,76513,64399,monthly_center_report
233,2025-10-01,2025-10-31,2025-11-06 00:00:00,District A,CENTER_11,Vocational Training,68,63,4,1,36,6,72,92532,68236,program_database
234,2025-12-01,2025-12-31,2026-01-05 00:00:00,District C,CENTER_20,Vocational Training,76,50,25,1,32,5,35,157704,155227,monthly_center_report
235,2025-10-01,2025-10-31,2025-11-01 00:00:00,District F,CENTER_08,Career Readiness,56,35,7,14,11,4,80,111342,114861,program_database
236,2025-04-01,2025-04-30,2025-05-03 00:00:00,District D,CENTER_10,Career Readiness,67,37,9,21,18,4,73,199532,206503,monthly_center_report
237,2025-07-01,2025-07-31,2025-08-02 00:00:00,District H,CENTER_15,Entrepreneurship,84,47,4,33,26,6,59,159749,159041,monthly_center_report
238,2025-05-01,2025-05-31,2025-06-04 00:00:00,District C,CENTER_07,Vocational Training,26,19,0,7,10,2,45,147311,154158,monthly_center_report
239,2025-05-01,2025-05-31,2025-06-07 00:00:00,District B,CENTER_17,Digital Skills,30,17,1,12,7,2,99,92024,76097,program_database
240,2025-07-01,2025-07-31,2025-08-03 00:00:00,District E,CENTER_15,Vocational Training,31,29,2,0,6,2,111,168260,136551,monthly_center_report
241,2025-01-01,2025-01-31,2025-02-06 00:00:00,District F,CENTER_01,Career Readiness,70,56,6,8,28,6,84,148031,132913,monthly_center_report
242,2025-06-01,2025-06-30,2025-07-01 00:00:00,,CENTER_13,Digital Skills,48,35,13,0,11,3,119,133541,115349,monthly_center_report
243,2025-03-01,2025-03-31,2025-04-04 00:00:00,District B,CENTER_11,Vocational Training,24,18,4,2,8,2,93,173851,173951,program_database
244,2025-10-01,2025-10-31,2025-11-01 00:00:00,District C,CENTER_16,Career Readiness,20,11,8,1,7,2,83,54981,37963,program_database
245,2025-09-01,2025-09-30,2025-10-06 00:00:00,District E,CENTER_07,Vocational Training,97,90,1,6,36,5,62,79146,78760,monthly_center_report
246,2025-02-01,2025-02-28,2025-03-01 00:00:00,District E,CENTER_08,Entrepreneurship,26,19,4,3,12,2,36,160054,137657,program_database
247,2025-08-01,2025-08-31,2025-09-02 00:00:00,District H,CENTER_03,Digital Skills,96,63,32,1,19,6,78,215663,138900,monthly_center_report
248,2025-07-01,2025-07-31,2025-08-04 00:00:00,District D,CENTER_05,Entrepreneurship,20,40,2,4,21,2,42,142488,103542,monthly_center_report
249,2025-03-01,2025-03-31,2025-04-04 00:00:00,District D,CENTER_19,Career Readiness,30,23,2,5,16,2,26,67741,39890,monthly_center_report
250,2025-01-01,2025-01-31,2025-02-06 00:00:00,District A,CENTER_13,Career Readiness,69,64,3,2,16,4,63,116492,121513,monthly_center_report
251,2025-06-01,2025-06-30,2025-07-07 00:00:00,District A,CENTER_12,Digital Skills,50,41,8,1,8,5,72,202542,165689,program_database
252,2025-06-01,2025-06-30,2025-07-02 00:00:00,District F,CENTER_05,Digital Skills,89,109,20,10,45,6,90,218505,209086,program_database
253,2025-11-01,2025-11-30,2025-12-03 00:00:00,District C,CENTER_15,Career Readiness,43,35,6,2,9,3,98,66541,42007,monthly_center_report
254,2025-04-01,2025-04-30,2025-05-01 00:00:00,District H,CENTER_02,Entrepreneurship,25,22,2,1,13,2,53,60985,58622,monthly_center_report
255,2025-09-01,2025-09-30,2025-10-05 00:00:00,District F,CENTER_10,Career Readiness,80,74,4,2,49,6,65,59599,54405,program_database
256,2025-01-01,2025-01-31,2025-02-01 00:00:00,District D,CENTER_10,Entrepreneurship,62,49,9,4,20,6,87,82630,62726,manual_submission
257,2025-12-01,2025-12-31,2026-01-01 00:00:00,District F,CENTER_14,Career Readiness,76,70,3,3,23,6,97,138876,136519,monthly_center_report
258,2025-06-01,2025-06-30,2025-07-03 00:00:00,District C,CENTER_16,Career Readiness,86,48,21,17,20,6,97,71656,40355,manual_submission
259,2025-10-01,2025-10-31,2025-11-01 00:00:00,District G,CENTER_03,Career Readiness,43,30,5,8,17,4,35,127009,121328,monthly_center_report
260,2025-06-01,2025-06-30,2025-07-02 00:00:00,District F,CENTER_04,Digital Skills,57,53,2,2,11,4,90,166894,104343,monthly_center_report
261,2025-06-01,2025-06-30,2025-07-02 00:00:00,District G,CENTER_06,Career Readiness,77,60,16,1,30,5,115,240530,178099,program_database
262,2025-05-01,2025-05-31,2025-06-04 00:00:00,District F,CENTER_20,Career Readiness,27,25,2,0,13,2,38,225946,219407,monthly_center_report
263,2025-01-01,2025-01-31,2025-02-06 00:00:00,District G,CENTER_12,Vocational Training,38,33,1,4,17,3,21,227756,178639,monthly_center_report
264,2025-02-01,2025-02-28,2025-03-07 00:00:00,District H,CENTER_02,Vocational Training,50,35,4,11,11,4,29,144935,99527,monthly_center_report
265,2025-10-01,2025-10-31,2025-11-05 00:00:00,District G,CENTER_19,Digital Skills,39,22,3,14,12,3,69,147246,144648,program_database
266,2025-10-01,2025-10-31,2025-11-01 00:00:00,District F,CENTER_15,Digital Skills,37,32,1,4,8,3,100,146193,153482,program_database
267,2025-04-01,2025-04-30,2025-05-01 00:00:00,District G,CENTER_11,Entrepreneurship,34,32,2,0,10,2,120,242852,201012,monthly_center_report
268,2025-09-01,2025-09-30,2025-10-03 00:00:00,District C,CENTER_16,Career Readiness,35,30,3,2,19,3,31,118233,120879,monthly_center_report
269,2025-12-01,2025-12-31,2026-01-06 00:00:00,District H,CENTER_07,Entrepreneurship,82,72,7,3,41,4,89,82148,55340,monthly_center_report
270,2025-03-01,2025-03-31,2025-04-02 00:00:00,District C,CENTER_03,Career Readiness,76,55,19,2,11,7,41,228763,140593,monthly_center_report
271,2025-09-01,2025-09-30,2025-10-05 00:00:00,District F,CENTER_12,Digital Skills,89,82,3,4,27,6,51,128631,109733,monthly_center_report
272,2025-09-01,2025-09-30,2025-10-04 00:00:00,District C,CENTER_06,Entrepreneurship,48,30,15,3,9,3,103,102685,90963,program_database
273,2025-01-01,2025-01-31,2025-02-02 00:00:00,District C,CENTER_08,Career Readiness,66,52,6,8,17,4,20,200019,145830,monthly_center_report
274,2025-10-01,2025-10-31,2025-11-06 00:00:00,District F,CENTER_15,Vocational Training,31,18,12,1,6,2,73,131078,116107,monthly_center_report
275,2025-07-01,2025-07-31,2025-08-07 00:00:00,District G,CENTER_16,Career Readiness,93,70,21,2,16,5,77,82853,77563,monthly_center_report
276,2025-08-01,2025-08-31,2025-09-04 00:00:00,District F,CENTER_03,Career Readiness,86,65,10,11,28,6,89,83642,81642,monthly_center_report
277,2025-09-01,2025-09-30,2025-10-07 00:00:00,District C,CENTER_05,Career Readiness,27,20,6,1,11,2,102,185817,154315,manual_submission
278,2025-03-01,2025-03-31,2025-04-03 00:00:00,District C,CENTER_10,Vocational Training,61,54,4,3,27,5,37,140707,105775,monthly_center_report
279,2025-04-01,2025-04-30,2025-05-03 00:00:00,District E,CENTER_03,Entrepreneurship,90,54,19,17,29,5,25,82812,46738,monthly_center_report
280,2025-09-01,2025-09-30,2025-10-01 00:00:00,District E,CENTER_20,Digital Skills,41,34,5,2,8,3,64,94879,81610,monthly_center_report
281,2025-01-01,2025-01-31,2025-02-07 00:00:00,District F,CENTER_19,Digital Skills,30,24,6,0,16,2,116,218153,143213,monthly_center_report
282,2025-10-01,2025-10-31,2025-11-06 00:00:00,District E,CENTER_07,Career Readiness,23,43,3,7,27,2,42,214407,119483,monthly_center_report
283,2025-04-01,2025-04-30,2025-05-05 00:00:00,District E,CENTER_10,Career Readiness,71,49,13,9,30,4,42,168893,142707,monthly_center_report
284,2025-08-01,2025-08-31,2025-09-04 00:00:00,District B,CENTER_02,Vocational Training,73,51,7,15,31,5,45,171750,515250,monthly_center_report
285,2025-06-01,2025-06-30,2025-07-02 00:00:00,District D,CENTER_11,Vocational Training,60,54,1,5,36,4,96,140536,101766,monthly_center_report
286,2025-09-01,2025-09-30,2025-10-06 00:00:00,,CENTER_05,Entrepreneurship,91,68,20,3,32,8,26,133654,125878,monthly_center_report
287,2025-05-01,2025-05-31,2025-06-06 00:00:00,District D,CENTER_15,Digital Skills,77,54,16,7,16,7,98,86930,74850,monthly_center_report
288,2025-07-01,2025-07-31,2025-08-03 00:00:00,District B,CENTER_02,Entrepreneurship,98,87,5,6,44,7,63,115082,117931,manual_submission
289,2025-04-01,2025-04-30,2025-05-07 00:00:00,District C,CENTER_11,Entrepreneurship,40,24,1,15,14,3,46,184932,187390,monthly_center_report
290,2025-08-01,2025-08-31,2025-09-01 00:00:00,District H,CENTER_16,Entrepreneurship,22,16,6,0,9,2,45,153086,103964,monthly_center_report
291,2025-10-01,2025-10-31,2025-11-01 00:00:00,District H,CENTER_08,Vocational Training,65,47,17,1,22,5,116,63248,65778,monthly_center_report
292,2025-05-01,2025-05-31,2025-06-04 00:00:00,District E,CENTER_16,Career Readiness,88,65,23,0,15,5,98,78179,55849,monthly_center_report
293,2025-12-01,2025-12-31,2026-01-03 00:00:00,District G,CENTER_05,Entrepreneurship,66,53,1,12,20,5,55,155710,104337,program_database
294,2025-01-01,2025-01-31,2025-02-06 00:00:00,District F,CENTER_02,Career Readiness,92,53,4,35,35,7,74,101027,62075,monthly_center_report
295,2025-02-01,2025-02-28,2025-03-05 00:00:00,District F,CENTER_18,Entrepreneurship,69,41,12,16,20,4,83,168057,105195,program_database
296,2025-03-01,2025-03-31,2025-04-03 00:00:00,District E,CENTER_20,Digital Skills,32,19,7,6,9,2,110,147831,128677,monthly_center_report
297,2025-03-01,2025-03-31,2025-04-04 00:00:00,District F,CENTER_18,Entrepreneurship,45,28,1,16,9,3,76,155221,112198,monthly_center_report
298,2025-03-01,2025-03-31,2025-04-04 00:00:00,District A,CENTER_02,Digital Skills,62,56,0,6,22,4,88,174189,137083,program_database
299,2025-06-01,2025-06-30,2025-07-03 00:00:00,District H,CENTER_05,Vocational Training,98,80,8,10,52,6,80,92598,58907,monthly_center_report
300,2025-10-01,2025-10-31,2025-11-04 00:00:00,District G,CENTER_20,Entrepreneurship,63,39,8,16,21,5,21,183618,104742,monthly_center_report
301,2025-08-01,2025-08-31,2025-09-03 00:00:00,District H,CENTER_19,Entrepreneurship,450,300,120,30,8,2,74,136832,94317,monthly_center_report
302,2025-12-01,2025-12-31,2026-01-02 00:00:00,District B,CENTER_14,Entrepreneurship,100,62,37,1,26,5,116,206476,122719,program_database
303,2025-12-01,2025-12-31,2026-01-03 00:00:00,District H,CENTER_09,Vocational Training,26,15,2,9,8,2,99,175946,137306,monthly_center_report
304,2025-03-01,2025-03-31,2025-04-07 00:00:00,District C,CENTER_17,Career Readiness,51,32,18,1,10,4,106,200095,146496,program_database
305,2025-08-01,2025-08-31,2025-09-03 00:00:00,District B,CENTER_07,Digital Skills,60,45,2,13,25,4,57,89696,80295,monthly_center_report
306,2025-09-01,2025-09-30,2025-10-04 00:00:00,District G,CENTER_07,Career Readiness,98,55,13,30,23,8,99,242895,230678,program_database
307,2025-09-01,2025-09-30,2025-10-07 00:00:00,District A,CENTER_05,Vocational Training,61,48,3,10,20,5,97,175402,103641,monthly_center_report
308,2025-08-01,2025-08-31,2025-09-04 00:00:00,District G,CENTER_11,Vocational Training,88,79,4,5,41,7,48,193202,195218,program_database
309,2025-04-01,2025-04-30,2025-05-01 00:00:00,District F,CENTER_09,Career Readiness,51,29,14,8,19,4,45,196299,135139,monthly_center_report
310,2025-05-01,2025-05-31,2025-06-01 00:00:00,District E,CENTER_08,Entrepreneurship,46,40,1,5,9,3,54,234808,216993,manual_submission
311,2025-06-01,2025-06-30,2025-07-07 00:00:00,District H,CENTER_11,Career Readiness,91,56,18,17,34,5,98,125442,82123,monthly_center_report
312,2025-07-01,2025-07-31,2025-08-02 00:00:00,District B,CENTER_19,Career Readiness,64,44,16,4,15,4,86,126140,99935,monthly_center_report
313,2025-06-01,2025-06-30,2025-07-01 00:00:00,District A,CENTER_10,Digital Skills,76,60,8,8,25,5,106,245910,180610,monthly_center_report
314,2025-09-01,2025-09-30,2025-10-03 00:00:00,District H,CENTER_07,Vocational Training,54,39,7,8,8,4,48,85985,79427,monthly_center_report
315,2025-04-01,2025-04-30,2025-05-04 00:00:00,District B,CENTER_20,Vocational Training,26,14,2,10,5,2,53,189209,127946,monthly_center_report
316,2025-02-01,2025-02-28,2025-03-01 00:00:00,District D,CENTER_08,Digital Skills,72,60,7,5,27,4,116,238051,237480,manual_submission
317,2025-01-01,2025-01-31,2025-02-01 00:00:00,District H,CENTER_04,Vocational Training,90,67,18,5,15,8,60,156668,127849,manual_submission
318,2025-05-01,2025-05-31,2025-06-02 00:00:00,District H,CENTER_16,Vocational Training,61,36,16,9,16,3,60,219318,169687,monthly_center_report
319,2025-09-01,2025-09-30,2025-10-07 00:00:00,District A,CENTER_03,Vocational Training,24,18,5,1,12,2,42,159546,107092,manual_submission
320,2025-08-01,2025-08-31,2025-09-07 00:00:00,District C,CENTER_02,Career Readiness,43,28,6,9,7,3,90,59821,44186,monthly_center_report
321,2025-06-01,2025-06-30,2025-07-06 00:00:00,District A,CENTER_10,Digital Skills,56,31,11,14,18,3,22,218116,155089,monthly_center_report
322,2025-05-01,2025-05-31,2025-06-02 00:00:00,District H,CENTER_05,Career Readiness,44,27,14,3,11,3,77,136686,97559,program_database
323,2025-12-01,2025-12-31,2026-01-03 00:00:00,District C,CENTER_15,Entrepreneurship,43,25,18,0,13,3,51,243099,241947,program_database
324,2025-03-01,2025-03-31,2025-04-07 00:00:00,District F,CENTER_10,Vocational Training,98,77,1,20,25,5,50,156296,139033,manual_submission
325,2025-02-01,2025-02-28,2025-03-04 00:00:00,District G,CENTER_17,Entrepreneurship,71,61,0,10,17,5,101,75004,59944,monthly_center_report
326,2025-06-01,2025-06-30,2025-07-02 00:00:00,District C,CENTER_05,Career Readiness,51,29,22,0,8,4,62,118363,96886,program_database
327,2025-05-01,2025-05-31,2025-06-01 00:00:00,District G,CENTER_08,Career Readiness,62,48,10,4,11,4,26,202688,187024,monthly_center_report
328,2025-12-01,2025-12-31,2026-01-04 00:00:00,District A,CENTER_09,Entrepreneurship,50,36,14,0,11,3,20,225056,138137,monthly_center_report
329,2025-03-01,2025-03-31,2025-04-04 00:00:00,District B,CENTER_15,Entrepreneurship,71,47,3,21,25,6,80,181732,132944,monthly_center_report
330,2025-06-01,2025-06-30,2025-07-01 00:00:00,District E,CENTER_04,Entrepreneurship,98,79,12,7,51,6,33,107443,89756,manual_submission
331,2025-08-01,2025-08-31,2025-09-02 00:00:00,District C,CENTER_16,Vocational Training,97,67,19,11,41,6,71,159011,165889,program_database
332,2025-04-01,2025-04-30,2025-05-01 00:00:00,District H,CENTER_18,Vocational Training,96,76,18,2,41,5,115,187758,125537,program_database
333,2025-02-01,2025-02-28,2025-03-06 00:00:00,District H,CENTER_17,Entrepreneurship,92,54,31,7,14,7,25,66189,41462,monthly_center_report
334,2025-03-01,2025-03-31,2025-04-04 00:00:00,District D,CENTER_19,Vocational Training,61,39,6,16,13,4,29,165825,104526,monthly_center_report
335,2025-02-01,2025-02-28,2025-03-05 00:00:00,District B,CENTER_07,Career Readiness,85,53,4,28,19,5,90,64584,44727,monthly_center_report
336,2025-08-01,2025-08-31,2025-09-05 00:00:00,District H,CENTER_05,Career Readiness,92,56,33,3,18,7,109,196485,196167,monthly_center_report
337,2025-07-01,2025-07-31,2025-08-03 00:00:00,District H,CENTER_10,Digital Skills,52,30,22,0,14,4,117,245508,199415,monthly_center_report
338,2025-01-01,2025-01-31,2025-02-07 00:00:00,District D,CENTER_19,Digital Skills,74,52,11,11,24,4,49,233601,243222,program_database
339,2025-02-01,2025-02-28,2025-03-01 00:00:00,District B,CENTER_18,Digital Skills,80,47,31,2,18,6,119,125259,93809,monthly_center_report
340,2025-11-01,2025-11-30,2025-12-01 00:00:00,District G,CENTER_06,Vocational Training,73,68,3,2,26,4,40,150264,147672,monthly_center_report
341,2025-02-01,2025-02-28,2025-03-03 00:00:00,District H,CENTER_13,Career Readiness,89,78,9,2,48,6,79,221320,150265,monthly_center_report
342,2025-09-01,2025-09-30,2025-10-03 00:00:00,District F,CENTER_04,Vocational Training,70,43,11,16,26,5,100,83383,73737,monthly_center_report
343,2025-05-01,2025-05-31,2025-06-03 00:00:00,District D,CENTER_01,Digital Skills,79,72,1,6,25,4,116,189443,156931,monthly_center_report
344,2025-08-01,2025-08-31,2025-09-04 00:00:00,District G,CENTER_08,Vocational Training,64,49,11,4,32,4,93,122259,84357,manual_submission
345,2025-11-01,2025-11-30,2025-12-06 00:00:00,District D,CENTER_04,Digital Skills,73,62,2,9,42,5,82,54101,34815,monthly_center_report
346,2025-02-01,2025-02-28,2025-03-01 00:00:00,District D,CENTER_07,Digital Skills,96,65,29,2,24,7,61,167031,127397,program_database
347,2025-07-01,2025-07-31,2025-08-04 00:00:00,District A,CENTER_08,Digital Skills,76,57,12,7,22,5,70,191494,128531,monthly_center_report
348,2025-09-01,2025-09-30,2025-10-03 00:00:00,District D,CENTER_02,Vocational Training,57,33,17,7,15,5,83,241762,206781,monthly_center_report
349,2025-04-01,2025-04-30,2025-05-01 00:00:00,District F,CENTER_19,Entrepreneurship,58,38,16,4,25,4,95,223070,187516,monthly_center_report
350,2025-05-01,2025-05-31,2025-06-04 00:00:00,District D,CENTER_14,Entrepreneurship,27,16,3,8,10,2,75,205101,162146,program_database
351,2025-01-01,2025-01-31,2025-02-06 00:00:00,District C,CENTER_14,Career Readiness,64,48,4,12,12,5,99,500000,480000,program_database
352,2025-03-01,2025-03-31,2025-04-04 00:00:00,District F,CENTER_14,Career Readiness,58,39,7,12,15,4,60,98202,60610,monthly_center_report
353,2025-05-01,2025-05-31,2025-06-06 00:00:00,District H,CENTER_08,Vocational Training,38,21,3,14,10,3,51,65105,68033,monthly_center_report
354,2025-07-01,2025-07-31,2025-08-03 00:00:00,District G,CENTER_14,Vocational Training,51,34,9,8,15,3,34,103303,98647,monthly_center_report
355,2025-06-01,2025-06-30,2025-07-06 00:00:00,District F,CENTER_03,Career Readiness,31,20,3,8,6,3,81,239945,213731,monthly_center_report
356,2025-07-01,2025-07-31,2025-08-01 00:00:00,District D,CENTER_02,Entrepreneurship,97,82,14,1,52,5,46,69079,58566,manual_submission
357,2025-08-01,2025-08-31,2025-09-03 00:00:00,District D,CENTER_19,Vocational Training,46,33,0,13,18,3,47,137284,103775,monthly_center_report
358,2025-04-01,2025-04-30,2025-05-01 00:00:00,District E,CENTER_01,Vocational Training,35,24,0,11,15,3,100,247743,251400,monthly_center_report
359,2025-07-01,2025-07-31,2025-08-05 00:00:00,District H,CENTER_08,Vocational Training,50,44,2,4,28,4,83,134309,138675,monthly_center_report
360,2025-09-01,2025-09-30,2025-10-02 00:00:00,District E,CENTER_13,Career Readiness,65,38,18,9,22,5,78,118566,108539,monthly_center_report
361,2025-08-01,2025-08-31,2025-09-06 00:00:00,District F,CENTER_17,Career Readiness,32,29,0,3,12,2,77,249656,159933,monthly_center_report
362,2025-06-01,2025-06-30,2025-07-02 00:00:00,District F,CENTER_07,Entrepreneurship,72,41,29,2,21,5,21,197462,181775,monthly_center_report
363,2025-05-01,2025-05-31,2025-06-02 00:00:00,District D,CENTER_05,Digital Skills,90,70,2,18,20,5,55,201818,195948,program_database
364,2025-04-01,2025-04-30,2025-05-06 00:00:00,District G,CENTER_10,Vocational Training,62,37,18,7,20,4,90,149572,141739,program_database
365,2025-05-01,2025-05-31,2025-06-03 00:00:00,District D,CENTER_16,Entrepreneurship,82,51,0,31,15,6,32,170803,107918,monthly_center_report
366,2025-03-01,2025-03-31,2025-04-05 00:00:00,District C,CENTER_12,Vocational Training,89,54,4,31,30,5,34,98247,94050,program_database
367,2025-02-01,2025-02-28,2025-03-01 00:00:00,District A,CENTER_17,Digital Skills,26,21,5,0,7,2,108,158106,128308,monthly_center_report
368,2025-12-01,2025-12-31,2026-01-04 00:00:00,District C,CENTER_08,Digital Skills,39,27,12,0,7,3,106,107336,106112,monthly_center_report
369,2025-10-01,2025-10-31,2025-11-01 00:00:00,District H,CENTER_12,Digital Skills,98,69,0,29,20,8,79,176669,169301,monthly_center_report
370,2025-09-01,2025-09-30,2025-10-04 00:00:00,District H,CENTER_01,Digital Skills,90,65,12,13,13,8,41,53106,39217,monthly_center_report
371,2025-09-01,2025-09-30,2025-10-01 00:00:00,District A,CENTER_17,Entrepreneurship,56,41,15,0,23,3,82,181652,127281,monthly_center_report
372,2025-02-01,2025-02-28,2025-03-06 00:00:00,District G,CENTER_06,Digital Skills,87,73,12,2,41,5,109,113168,90688,monthly_center_report
373,2025-06-01,2025-06-30,2025-07-05 00:00:00,District D,CENTER_20,Entrepreneurship,54,34,8,12,16,4,116,70714,70698,monthly_center_report
374,2025-10-01,2025-10-31,2025-11-04 00:00:00,District F,CENTER_13,Career Readiness,51,35,9,7,10,3,94,128636,105710,manual_submission
375,2025-07-01,2025-07-31,2025-08-07 00:00:00,District B,CENTER_02,Digital Skills,68,62,3,3,15,4,93,194887,168015,monthly_center_report
376,2025-12-01,2025-12-31,2026-01-03 00:00:00,District H,CENTER_02,Digital Skills,41,24,15,2,5,3,44,181034,184639,monthly_center_report
377,2025-09-01,2025-09-30,2025-10-01 00:00:00,District G,CENTER_11,Digital Skills,25,20,4,1,6,2,120,105421,75634,monthly_center_report
378,2025-02-01,2025-02-28,2025-03-01 00:00:00,District H,CENTER_09,Digital Skills,55,33,5,17,21,4,67,197720,187243,monthly_center_report
379,2025-01-01,2025-01-31,2025-02-04 00:00:00,District A,CENTER_06,Entrepreneurship,46,36,1,9,12,4,62,87798,71707,monthly_center_report
380,2025-03-01,2025-03-31,2025-04-03 00:00:00,District G,CENTER_03,Entrepreneurship,92,83,6,3,31,7,57,198555,187495,program_database
381,2025-07-01,2025-07-31,2025-08-03 00:00:00,District G,CENTER_18,Entrepreneurship,37,22,13,2,6,3,60,181279,127957,monthly_center_report
382,2025-07-01,2025-07-31,2025-08-06 00:00:00,District F,CENTER_02,Digital Skills,49,31,16,2,10,3,64,139284,128416,monthly_center_report
383,2025-11-01,2025-11-30,2025-12-07 00:00:00,District G,CENTER_11,Digital Skills,54,30,10,14,14,3,107,178608,149127,monthly_center_report
384,2025-07-01,2025-07-31,2025-08-06 00:00:00,District D,CENTER_12,Career Readiness,43,36,1,6,18,4,59,72464,71622,monthly_center_report
385,2025-02-01,2025-02-28,2025-03-06 00:00:00,District E,CENTER_08,Digital Skills,54,37,13,4,12,5,116,149614,143723,monthly_center_report
386,2025-06-01,2025-06-30,2025-07-06 00:00:00,,CENTER_13,Entrepreneurship,33,19,13,1,4,2,36,51361,49985,monthly_center_report
387,2025-05-01,2025-05-31,2025-06-06 00:00:00,District E,CENTER_15,Entrepreneurship,33,19,12,2,8,2,107,72884,54564,monthly_center_report
388,2025-09-01,2025-09-30,2025-10-06 00:00:00,District C,CENTER_14,Career Readiness,91,79,4,8,25,7,120,156966,98097,monthly_center_report
389,2025-06-01,2025-06-30,2025-07-05 00:00:00,District B,CENTER_01,Digital Skills,90,57,28,5,18,6,76,206480,188129,monthly_center_report
390,2025-05-01,2025-05-31,2025-06-03 00:00:00,District F,CENTER_13,Digital Skills,72,60,6,6,41,6,21,72203,62858,manual_submission
391,2025-11-01,2025-11-30,2025-12-06 00:00:00,District D,CENTER_19,Vocational Training,68,56,10,2,28,6,115,86396,70962,monthly_center_report
392,2025-08-01,2025-08-31,2025-09-03 00:00:00,District E,CENTER_10,Entrepreneurship,38,24,13,1,11,2,81,93832,67826,program_database
393,2025-05-01,2025-05-31,2025-06-03 00:00:00,District G,CENTER_09,Career Readiness,81,50,27,4,20,4,107,144666,145277,program_database
394,2025-10-01,2025-10-31,2025-11-02 00:00:00,District E,CENTER_08,Career Readiness,98,76,16,6,31,9,28,170025,127591,monthly_center_report
395,2025-01-01,2025-01-31,2025-02-05 00:00:00,District B,CENTER_05,Entrepreneurship,70,51,9,10,24,4,87,212579,217604,monthly_center_report
396,2025-06-01,2025-06-30,2025-07-06 00:00:00,District G,CENTER_11,Career Readiness,75,45,4,26,25,5,100,220665,186045,monthly_center_report
397,2025-10-01,2025-10-31,2025-11-01 00:00:00,District C,CENTER_10,Entrepreneurship,45,33,5,7,18,3,36,132361,113264,program_database
398,2025-05-01,2025-05-31,2025-06-04 00:00:00,District C,CENTER_13,Entrepreneurship,82,45,1,36,13,5,69,113550,111967,monthly_center_report
399,2025-07-01,2025-07-31,2025-08-07 00:00:00,District F,CENTER_13,Entrepreneurship,66,60,6,0,27,4,113,197810,164689,program_database
400,2025-11-01,2025-11-30,2025-12-01 00:00:00,District D,CENTER_19,Vocational Training,90,74,16,0,30,6,59,240634,243341,manual_submission
401,2025-05-01,2025-05-31,2025-06-05 00:00:00,District H,CENTER_07,Career Readiness,28,23,2,3,15,25,77,226417,141798,program_database
402,2025-04-01,2025-04-30,2025-05-04 00:00:00,District H,CENTER_05,Entrepreneurship,52,40,2,10,21,4,94,90407,77149,monthly_center_report
403,2025-08-01,2025-08-31,2025-09-05 00:00:00,District G,CENTER_13,Digital Skills,96,69,12,15,32,8,104,202631,186060,monthly_center_report
404,2025-09-01,2025-09-30,2025-10-03 00:00:00,District G,CENTER_18,Career Readiness,24,22,1,1,6,2,40,233929,236919,program_database
405,2025-11-01,2025-11-30,2025-12-04 00:00:00,District B,CENTER_04,Vocational Training,65,47,13,5,24,4,37,219607,133217,monthly_center_report
406,2025-06-01,2025-06-30,2025-07-03 00:00:00,District A,CENTER_19,Career Readiness,75,70,5,0,18,6,74,52765,51152,monthly_center_report
407,2025-09-01,2025-09-30,2025-10-01 00:00:00,District B,CENTER_09,Vocational Training,86,51,0,35,19,5,48,202179,204285,program_database
408,2025-07-01,2025-07-31,2025-08-01 00:00:00,District D,CENTER_15,Entrepreneurship,79,70,0,9,19,4,43,230993,186970,monthly_center_report
409,2025-08-01,2025-08-31,2025-09-04 00:00:00,District C,CENTER_12,Digital Skills,33,25,4,4,14,3,93,159045,119204,manual_submission
410,2025-06-01,2025-06-30,2025-07-04 00:00:00,District B,CENTER_04,Vocational Training,59,33,16,10,10,4,36,169362,121533,program_database
411,2025-06-01,2025-06-30,2025-07-06 00:00:00,District D,CENTER_17,Career Readiness,80,69,10,1,27,5,37,164862,91055,monthly_center_report
412,2025-05-01,2025-05-31,2025-06-05 00:00:00,District H,CENTER_11,Digital Skills,25,17,7,1,11,2,61,55920,41888,manual_submission
413,2025-12-01,2025-12-31,2026-01-06 00:00:00,District F,CENTER_04,Vocational Training,51,39,4,8,12,4,103,95731,96681,monthly_center_report
414,2025-08-01,2025-08-31,2025-09-05 00:00:00,District C,CENTER_11,Career Readiness,49,33,4,12,15,3,120,215087,155610,monthly_center_report
415,2025-07-01,2025-07-31,2025-08-06 00:00:00,District C,CENTER_06,Career Readiness,23,19,0,4,8,2,64,101727,78951,monthly_center_report
416,2025-07-01,2025-07-31,2025-08-03 00:00:00,District H,CENTER_19,Career Readiness,20,12,5,3,3,1,101,103945,80684,monthly_center_report
417,2025-09-01,2025-09-30,2025-10-04 00:00:00,District E,CENTER_03,Digital Skills,43,26,6,11,16,3,36,135454,86445,monthly_center_report
418,2025-05-01,2025-05-31,2025-06-01 00:00:00,District D,CENTER_15,Digital Skills,82,61,5,16,14,5,92,217538,165212,monthly_center_report
419,2025-10-01,2025-10-31,2025-11-05 00:00:00,District F,CENTER_20,Career Readiness,70,64,2,4,28,4,33,79945,58455,monthly_center_report
420,2025-10-01,2025-10-31,2025-11-05 00:00:00,District F,CENTER_12,Career Readiness,42,32,0,10,15,3,68,235070,203601,monthly_center_report
421,2025-11-01,2025-11-30,2025-12-01 00:00:00,District E,CENTER_20,Digital Skills,37,20,7,10,10,3,48,80896,71331,program_database
422,2025-03-01,2025-03-31,2025-04-06 00:00:00,District D,CENTER_10,Digital Skills,67,41,4,22,22,6,114,87056,89714,program_database
423,2025-10-01,2025-10-31,2025-11-05 00:00:00,District G,CENTER_14,Vocational Training,69,42,14,13,14,4,23,98694,74742,monthly_center_report
424,2025-09-01,2025-09-30,2025-10-07 00:00:00,District H,CENTER_18,Vocational Training,41,23,3,15,5,3,101,125716,131805,monthly_center_report
425,2025-08-01,2025-08-31,2025-09-03 00:00:00,District C,CENTER_06,Entrepreneurship,99,74,24,1,42,6,39,144119,122168,monthly_center_report
426,2025-04-01,2025-04-30,2025-05-04 00:00:00,District A,CENTER_16,Vocational Training,69,39,0,30,18,5,66,197215,182419,monthly_center_report
427,2025-07-01,2025-07-31,2025-08-01 00:00:00,District H,CENTER_14,Career Readiness,76,48,13,15,30,5,28,93844,93752,program_database
428,2025-04-01,2025-04-30,2025-05-04 00:00:00,District B,CENTER_19,Digital Skills,57,36,20,1,22,4,96,122051,78764,program_database
429,2025-03-01,2025-03-31,2025-04-07 00:00:00,District D,CENTER_18,Entrepreneurship,78,44,3,31,27,5,98,194107,152574,monthly_center_report
430,2025-05-01,2025-05-31,2025-06-05 00:00:00,District B,CENTER_19,Digital Skills,89,109,9,11,48,7,46,192093,111962,monthly_center_report
431,2025-07-01,2025-07-31,2025-08-05 00:00:00,District A,CENTER_15,Vocational Training,33,28,0,5,10,2,34,221356,171914,monthly_center_report
432,2025-08-01,2025-08-31,2025-09-07 00:00:00,District D,CENTER_10,Digital Skills,53,40,8,5,24,3,111,72802,56085,monthly_center_report
433,2025-04-01,2025-04-30,2025-05-01 00:00:00,District H,CENTER_04,Vocational Training,95,67,6,22,29,8,120,141915,117763,monthly_center_report
434,2025-04-01,2025-04-30,2025-05-03 00:00:00,District G,CENTER_06,Vocational Training,46,28,17,1,8,3,38,199441,127834,manual_submission
435,2025-10-01,2025-10-31,2025-11-02 00:00:00,District F,CENTER_18,Entrepreneurship,88,78,8,2,49,6,109,134843,137952,program_database
436,2025-09-01,2025-09-30,2025-10-01 00:00:00,,CENTER_10,Entrepreneurship,32,22,8,2,14,2,71,246632,169034,monthly_center_report
437,2025-11-01,2025-11-30,2025-12-02 00:00:00,District G,CENTER_02,Entrepreneurship,36,29,5,2,13,2,45,115451,87092,monthly_center_report
438,2025-11-01,2025-11-30,2025-12-07 00:00:00,District C,CENTER_11,Vocational Training,70,39,0,31,9,4,108,87269,54811,manual_submission
439,2025-08-01,2025-08-31,2025-09-06 00:00:00,District E,CENTER_14,Career Readiness,29,24,0,5,9,2,45,74404,65435,monthly_center_report
440,2025-12-01,2025-12-31,2026-01-02 00:00:00,District G,CENTER_17,Entrepreneurship,67,37,16,14,22,4,45,177937,117613,monthly_center_report
441,2025-12-01,2025-12-31,2026-01-03 00:00:00,District F,CENTER_19,Digital Skills,31,19,1,11,12,2,65,170179,150769,monthly_center_report
442,2025-04-01,2025-04-30,2025-05-06 00:00:00,District F,CENTER_03,Career Readiness,74,41,20,13,12,5,111,179686,108180,program_database
443,2025-06-01,2025-06-30,2025-07-02 00:00:00,District E,CENTER_11,Entrepreneurship,90,78,3,9,18,5,68,84234,53848,monthly_center_report
444,2025-01-01,2025-01-31,2025-02-07 00:00:00,District H,CENTER_11,Digital Skills,32,25,0,7,16,2,101,54268,36310,program_database
445,2025-08-01,2025-08-31,2025-09-06 00:00:00,District B,CENTER_06,Career Readiness,20,11,3,6,4,2,115,103036,69197,program_database
446,2025-05-01,2025-05-31,2025-06-07 00:00:00,District C,CENTER_10,Vocational Training,31,26,0,5,12,2,72,144485,141284,program_database
447,2025-11-01,2025-11-30,2025-12-02 00:00:00,District E,CENTER_03,Entrepreneurship,41,36,5,0,25,3,22,153898,115206,manual_submission
448,2025-11-01,2025-11-30,2025-12-07 00:00:00,District E,CENTER_08,Career Readiness,31,25,1,5,6,2,85,74951,48904,monthly_center_report
449,2025-02-01,2025-02-28,2025-03-03 00:00:00,District A,CENTER_07,Career Readiness,36,24,3,9,13,3,116,109294,109093,monthly_center_report
450,2025-12-01,2025-12-31,2026-01-02 00:00:00,District H,CENTER_01,Digital Skills,63,34,3,26,8,4,61,81612,48375,program_database
451,2025-02-01,2025-02-28,2025-03-02 00:00:00,District G,CENTER_05,Career Readiness,25,18,6,1,12,5,38,73417,41353,program_database
452,2025-06-01,2025-06-30,2025-07-02 00:00:00,District B,CENTER_04,Entrepreneurship,58,36,18,4,22,4,36,150328,126504,monthly_center_report
453,2025-09-01,2025-09-30,2025-10-01 00:00:00,District C,CENTER_05,Digital Skills,92,66,26,0,28,6,52,209991,209221,monthly_center_report
454,2025-12-01,2025-12-31,2026-01-01 00:00:00,District C,CENTER_15,Entrepreneurship,47,41,1,5,29,3,95,246154,177454,program_database
455,2025-04-01,2025-04-30,2025-05-01 00:00:00,District C,CENTER_14,Career Readiness,31,20,10,1,10,2,68,86703,64146,program_database
456,2025-06-01,2025-06-30,2025-07-03 00:00:00,District B,CENTER_19,Career Readiness,74,58,6,10,21,5,75,86655,59274,monthly_center_report
457,2025-04-01,2025-04-30,2025-05-06 00:00:00,District D,CENTER_09,Digital Skills,90,71,0,19,22,6,82,207288,156441,monthly_center_report
458,2025-04-01,2025-04-30,2025-05-07 00:00:00,District E,CENTER_01,Entrepreneurship,86,66,1,19,25,6,22,183568,140991,monthly_center_report
459,2025-11-01,2025-11-30,2025-12-05 00:00:00,District D,CENTER_13,Entrepreneurship,26,17,6,3,7,2,68,179731,184085,monthly_center_report
460,2025-08-01,2025-08-31,2025-09-02 00:00:00,District G,CENTER_04,Vocational Training,96,82,13,1,19,7,74,188487,116872,monthly_center_report
461,2025-03-01,2025-03-31,2025-04-07 00:00:00,District A,CENTER_12,Entrepreneurship,69,61,2,6,23,6,45,145790,115715,monthly_center_report
462,2025-01-01,2025-01-31,2025-02-02 00:00:00,,CENTER_16,Digital Skills,95,86,8,1,37,6,118,53615,50930,monthly_center_report
463,2025-01-01,2025-01-31,2025-02-03 00:00:00,District E,CENTER_07,Digital Skills,70,50,4,16,28,4,91,125101,70211,monthly_center_report
464,2025-02-01,2025-02-28,2025-03-02 00:00:00,District G,CENTER_14,Career Readiness,88,57,22,9,30,5,71,122736,100743,program_database
465,2025-09-01,2025-09-30,2025-10-01 00:00:00,District B,CENTER_10,Digital Skills,46,36,8,2,20,3,119,190611,129414,program_database
466,2025-05-01,2025-05-31,2025-06-05 00:00:00,District F,CENTER_13,Digital Skills,75,45,7,23,9,5,26,112557,108894,monthly_center_report
467,2025-07-01,2025-07-31,2025-08-04 00:00:00,District A,CENTER_08,Digital Skills,34,32,1,1,10,2,65,210509,171111,monthly_center_report
468,2025-02-01,2025-02-28,2025-03-02 00:00:00,District A,CENTER_10,Vocational Training,21,12,7,2,6,2,65,233893,160486,program_database
469,2025-06-01,2025-06-30,2025-07-07 00:00:00,District A,CENTER_06,Career Readiness,86,47,6,33,21,6,119,238944,240652,monthly_center_report
470,2025-03-01,2025-03-31,2025-04-01 00:00:00,District E,CENTER_06,Entrepreneurship,54,32,19,3,6,5,35,57695,48363,manual_submission
471,2025-09-01,2025-09-30,2025-10-04 00:00:00,District F,CENTER_14,Entrepreneurship,28,18,6,4,11,2,43,236731,195797,program_database
472,2025-09-01,2025-09-30,2025-10-05 00:00:00,District B,CENTER_16,Career Readiness,66,53,13,0,31,5,80,180969,174611,monthly_center_report
473,2025-05-01,2025-05-31,2025-06-04 00:00:00,District C,CENTER_12,Vocational Training,33,20,4,9,9,3,73,226716,125940,manual_submission
474,2025-01-01,2025-01-31,2025-02-01 00:00:00,District B,CENTER_08,Digital Skills,21,12,6,3,3,2,81,62053,62053,monthly_center_report
475,2025-03-01,2025-03-31,2025-04-06 00:00:00,District H,CENTER_12,Career Readiness,42,37,5,0,22,3,20,194930,165438,monthly_center_report
476,2025-04-01,2025-04-30,2025-05-06 00:00:00,District G,CENTER_08,Entrepreneurship,73,57,6,10,28,5,68,121108,106880,monthly_center_report
477,2025-02-01,2025-02-28,2025-03-04 00:00:00,District B,CENTER_19,Entrepreneurship,84,52,29,3,31,5,44,97014,97713,monthly_center_report
478,2025-07-01,2025-07-31,2025-08-03 00:00:00,District D,CENTER_17,Digital Skills,28,20,1,7,12,2,29,124005,91958,manual_submission
479,2025-09-01,2025-09-30,2025-10-07 00:00:00,District E,CENTER_11,Digital Skills,78,59,19,0,35,5,99,146709,84135,monthly_center_report
480,2025-12-01,2025-12-31,2026-01-07 00:00:00,District D,CENTER_10,Entrepreneurship,99,61,23,15,28,5,35,171615,157717,monthly_center_report
481,2025-04-01,2025-04-30,2025-05-04 00:00:00,District F,CENTER_19,Career Readiness,89,51,23,15,14,8,77,89470,76190,monthly_center_report
482,2025-04-01,2025-04-30,2025-05-02 00:00:00,District A,CENTER_14,Digital Skills,89,57,10,22,31,7,91,216708,161371,program_database
483,2025-11-01,2025-11-30,2025-12-02 00:00:00,District A,CENTER_11,Digital Skills,68,45,0,23,23,6,48,240635,175142,monthly_center_report
484,2025-09-01,2025-09-30,2025-10-07 00:00:00,District E,CENTER_04,Vocational Training,50,41,3,6,23,3,111,178982,125029,monthly_center_report
485,2025-02-01,2025-02-28,2025-03-07 00:00:00,District A,CENTER_05,Entrepreneurship,25,19,5,1,5,2,25,186251,146770,program_database
486,2025-12-01,2025-12-31,2026-01-06 00:00:00,District G,CENTER_12,Career Readiness,30,24,2,4,7,3,35,75054,76436,monthly_center_report
487,2025-10-01,2025-10-31,2025-11-03 00:00:00,District C,CENTER_13,Digital Skills,92,77,14,1,50,5,39,164028,107843,program_database
488,2025-05-01,2025-05-31,2025-06-01 00:00:00,District C,CENTER_08,Entrepreneurship,60,33,2,25,19,5,99,153010,104220,monthly_center_report
489,2025-05-01,2025-05-31,2025-06-02 00:00:00,District F,CENTER_11,Career Readiness,49,38,10,1,25,3,90,103139,59378,program_database
490,2025-03-01,2025-03-31,2025-04-07 00:00:00,District C,CENTER_19,Digital Skills,33,24,7,2,14,3,97,167851,142408,program_database
491,2025-02-01,2025-02-28,2025-03-06 00:00:00,District H,CENTER_11,Career Readiness,88,60,17,11,30,7,62,104430,97689,monthly_center_report
492,2025-05-01,2025-05-31,2025-06-05 00:00:00,District H,CENTER_10,Career Readiness,35,20,13,2,11,3,45,91317,53655,monthly_center_report
493,2025-04-01,2025-04-30,2025-05-06 00:00:00,District E,CENTER_20,Digital Skills,61,51,8,2,33,5,109,73910,58961,program_database
494,2025-09-01,2025-09-30,2025-10-02 00:00:00,District D,CENTER_12,Career Readiness,26,21,0,5,10,2,97,128339,98489,monthly_center_report
495,2025-07-01,2025-07-31,2025-08-02 00:00:00,District E,CENTER_06,Digital Skills,77,49,11,17,25,6,90,246104,236149,manual_submission
496,2025-02-01,2025-02-28,2025-03-06 00:00:00,District D,CENTER_04,Career Readiness,37,32,5,0,9,2,52,53134,47679,monthly_center_report
497,2025-04-01,2025-04-30,2025-05-01 00:00:00,District A,CENTER_08,Vocational Training,71,46,14,11,20,5,45,229905,194296,monthly_center_report
498,2025-02-01,2025-02-28,2025-03-04 00:00:00,District B,CENTER_19,Entrepreneurship,22,15,6,1,8,2,64,101839,60674,monthly_center_report
499,2025-06-01,2025-06-30,2025-07-02 00:00:00,District H,CENTER_05,Digital Skills,35,32,3,0,11,2,103,170847,105653,manual_submission
500,2025-12-01,2025-12-31,2026-01-06 00:00:00,District A,CENTER_06,Career Readiness,70,65,2,3,20,4,82,57728,173184,monthly_center_report
501,2025-06-01,2025-06-30,2025-07-07 00:00:00,District G,CENTER_14,Vocational Training,47,29,13,5,10,4,86,122084,100224,program_database
502,2025-01-01,2025-01-31,2025-02-06 00:00:00,District E,CENTER_15,Vocational Training,98,88,1,9,28,7,71,211736,193973,program_database
503,2025-07-01,2025-07-31,2025-08-03 00:00:00,District D,CENTER_10,Career Readiness,90,78,5,7,24,7,87,65985,58026,monthly_center_report
504,2025-03-01,2025-03-31,2025-04-04 00:00:00,District B,CENTER_09,Career Readiness,73,60,10,3,25,6,45,218467,212917,monthly_center_report
505,2025-07-01,2025-07-31,2025-08-05 00:00:00,District D,CENTER_18,Digital Skills,65,42,8,15,27,4,94,192742,153174,program_database
506,2025-07-01,2025-07-31,2025-08-01 00:00:00,District H,CENTER_12,Entrepreneurship,54,34,15,5,15,4,21,56832,59323,monthly_center_report
507,2025-01-01,2025-01-31,2025-02-05 00:00:00,District F,CENTER_20,Vocational Training,55,51,4,0,15,4,33,173649,98930,program_database
508,2025-03-01,2025-03-31,2025-04-04 00:00:00,District F,CENTER_19,Vocational Training,32,26,5,1,6,2,49,222193,224997,monthly_center_report
509,2025-04-01,2025-04-30,2025-05-04 00:00:00,District D,CENTER_09,Digital Skills,93,57,12,24,31,8,68,143009,119265,monthly_center_report
510,2025-10-01,2025-10-31,2025-11-04 00:00:00,District C,CENTER_06,Vocational Training,60,54,0,6,21,4,31,243489,138051,program_database
511,2025-12-01,2025-12-31,2026-01-05 00:00:00,,CENTER_19,Digital Skills,65,53,3,9,32,5,109,197746,138160,monthly_center_report
512,2025-08-01,2025-08-31,2025-09-07 00:00:00,District C,CENTER_19,Vocational Training,89,81,4,4,43,5,63,96021,99432,monthly_center_report
513,2025-01-01,2025-01-31,2025-02-04 00:00:00,District H,CENTER_02,Digital Skills,49,45,0,4,27,3,52,107359,84503,monthly_center_report
514,2025-01-01,2025-01-31,2025-02-06 00:00:00,District A,CENTER_17,Career Readiness,62,55,4,3,18,4,32,84207,81872,monthly_center_report
515,2025-01-01,2025-01-31,2025-02-05 00:00:00,District F,CENTER_06,Entrepreneurship,22,14,6,2,8,2,97,203776,196533,monthly_center_report
516,2025-02-01,2025-02-28,2025-03-04 00:00:00,District C,CENTER_04,Entrepreneurship,67,37,8,22,12,6,107,223575,189621,program_database
517,2025-06-01,2025-06-30,2025-07-06 00:00:00,District G,CENTER_19,Digital Skills,58,37,11,10,25,4,117,85769,52343,monthly_center_report
518,2025-11-01,2025-11-30,2025-12-07 00:00:00,District C,CENTER_14,Career Readiness,60,34,21,5,18,3,45,235383,211407,monthly_center_report
519,2025-07-01,2025-07-31,2025-08-03 00:00:00,District F,CENTER_08,Vocational Training,59,40,10,9,14,4,40,83383,76077,program_database
520,2025-10-01,2025-10-31,2025-11-07 00:00:00,District C,CENTER_01,Career Readiness,24,13,9,2,4,2,47,207912,147127,monthly_center_report
521,2025-11-01,2025-11-30,2025-12-04 00:00:00,District F,CENTER_20,Vocational Training,92,70,19,3,21,5,67,180071,170232,monthly_center_report
522,2025-04-01,2025-04-30,2025-05-05 00:00:00,District C,CENTER_11,Digital Skills,64,43,11,10,24,5,119,94010,81125,manual_submission
523,2025-01-01,2025-01-31,2025-02-02 00:00:00,District B,CENTER_11,Career Readiness,53,47,5,1,15,4,59,115415,99018,program_database
524,2025-02-01,2025-02-28,2025-03-04 00:00:00,District B,CENTER_12,Entrepreneurship,20,12,8,0,6,2,85,151171,84988,monthly_center_report
525,2025-07-01,2025-07-31,2025-08-02 00:00:00,District H,CENTER_14,Vocational Training,83,74,3,6,25,6,92,142073,79651,monthly_center_report
526,2025-10-01,2025-10-31,2025-11-06 00:00:00,District G,CENTER_04,Career Readiness,48,43,4,1,23,3,106,168302,137076,monthly_center_report
527,2025-01-01,2025-01-31,2025-02-03 00:00:00,District B,CENTER_02,Entrepreneurship,60,55,3,2,33,3,98,77453,73533,monthly_center_report
528,2025-07-01,2025-07-31,2025-08-01 00:00:00,District B,CENTER_11,Vocational Training,40,37,3,0,22,3,96,193404,140286,monthly_center_report
529,2025-12-01,2025-12-31,2026-01-07 00:00:00,District B,CENTER_11,Career Readiness,23,19,1,3,11,2,42,221346,166223,monthly_center_report
530,2025-03-01,2025-03-31,2025-04-03 00:00:00,District C,CENTER_20,Career Readiness,26,19,6,1,6,2,100,136794,118156,monthly_center_report
531,2025-12-01,2025-12-31,2026-01-04 00:00:00,District D,CENTER_07,Career Readiness,90,80,2,8,20,7,67,119537,124562,monthly_center_report
532,2025-02-01,2025-02-28,2025-03-02 00:00:00,District E,CENTER_10,Vocational Training,26,22,1,3,12,2,21,199886,151690,monthly_center_report
533,2025-06-01,2025-06-30,2025-07-07 00:00:00,District H,CENTER_05,Digital Skills,20,14,3,3,5,2,103,72971,67045,manual_submission
534,2025-04-01,2025-04-30,2025-05-02 00:00:00,District E,CENTER_20,Career Readiness,32,20,12,0,8,2,39,104251,63096,monthly_center_report
535,2025-08-01,2025-08-31,2025-09-05 00:00:00,District C,CENTER_10,Digital Skills,34,23,7,4,5,3,78,154193,106951,monthly_center_report
536,2025-02-01,2025-02-28,2025-03-02 00:00:00,District H,CENTER_16,Entrepreneurship,89,59,18,12,19,5,65,98465,65656,monthly_center_report
537,2025-03-01,2025-03-31,2025-04-05 00:00:00,District F,CENTER_13,Entrepreneurship,77,43,32,2,9,5,22,119021,66525,monthly_center_report
538,2025-04-01,2025-04-30,2025-05-06 00:00:00,District H,CENTER_15,Entrepreneurship,54,51,3,0,33,4,74,89617,68457,program_database
539,2025-09-01,2025-09-30,2025-10-07 00:00:00,,CENTER_03,Entrepreneurship,72,50,4,18,16,6,31,109641,97561,monthly_center_report
540,2025-09-01,2025-09-30,2025-10-07 00:00:00,District A,CENTER_13,Career Readiness,80,50,12,18,24,5,59,111772,114564,monthly_center_report
541,2025-07-01,2025-07-31,2025-08-01 00:00:00,District H,CENTER_10,Digital Skills,24,20,0,4,4,2,85,199741,118787,monthly_center_report
542,2025-03-01,2025-03-31,2025-04-04 00:00:00,District C,CENTER_04,Career Readiness,41,29,9,3,15,3,119,100521,99471,program_database
543,2025-02-01,2025-02-28,2025-03-05 00:00:00,District C,CENTER_02,Career Readiness,75,69,5,1,25,6,97,214423,168043,monthly_center_report
544,2025-06-01,2025-06-30,2025-07-01 00:00:00,District C,CENTER_20,Entrepreneurship,28,22,6,0,14,3,35,151737,96127,monthly_center_report
545,2025-05-01,2025-05-31,2025-06-02 00:00:00,District G,CENTER_18,Entrepreneurship,86,81,2,3,52,5,102,53241,35449,monthly_center_report
546,2025-03-01,2025-03-31,2025-04-02 00:00:00,District G,CENTER_04,Career Readiness,38,35,3,0,13,3,53,77691,67965,monthly_center_report
547,2025-07-01,2025-07-31,2025-08-01 00:00:00,District B,CENTER_10,Entrepreneurship,53,42,5,6,27,4,63,221648,178724,monthly_center_report
548,2025-01-01,2025-01-31,2025-02-07 00:00:00,District H,CENTER_19,Career Readiness,42,26,8,8,18,3,25,155637,99337,monthly_center_report
549,2025-01-01,2025-01-31,2025-02-02 00:00:00,District C,CENTER_20,Career Readiness,70,44,16,10,27,5,96,231014,148592,program_database
550,2025-05-01,2025-05-31,2025-06-06 00:00:00,District D,CENTER_02,Career Readiness,67,57,10,0,35,4,83,138569,100471,program_database
551,2025-08-01,2025-08-31,2025-09-06 00:00:00,District E,CENTER_10,Entrepreneurship,32,18,1,13,6,2,119,109757,113549,monthly_center_report
552,2025-06-01,2025-06-30,2025-07-01 00:00:00,District C,CENTER_10,Career Readiness,54,48,1,5,23,3,41,159254,161463,monthly_center_report
553,2025-04-01,2025-04-30,2025-05-05 00:00:00,District B,CENTER_07,Career Readiness,72,68,1,3,16,6,37,249096,158661,monthly_center_report
554,2025-02-01,2025-02-28,2025-03-05 00:00:00,District F,CENTER_02,Vocational Training,59,41,2,16,10,4,31,155744,144704,manual_submission
555,2025-03-01,2025-03-31,2025-04-01 00:00:00,District C,CENTER_17,Digital Skills,44,36,5,3,25,3,71,65106,40818,monthly_center_report
556,2025-01-01,2025-01-31,2025-02-05 00:00:00,District D,CENTER_02,Career Readiness,66,57,6,3,21,5,113,121821,80672,program_database
557,2025-11-01,2025-11-30,2025-12-07 00:00:00,District F,CENTER_15,Career Readiness,35,22,3,10,13,2,70,58011,47481,monthly_center_report
558,2025-10-01,2025-10-31,2025-11-07 00:00:00,District D,CENTER_12,Career Readiness,77,60,12,5,36,5,90,174408,146510,monthly_center_report
559,2025-05-01,2025-05-31,2025-06-05 00:00:00,District F,CENTER_12,Vocational Training,31,18,9,4,11,2,115,57195,56550,monthly_center_report
560,2025-10-01,2025-10-31,2025-11-06 00:00:00,District G,CENTER_02,Vocational Training,47,30,10,7,21,4,67,219706,135065,monthly_center_report
561,2025-11-01,2025-11-30,2025-12-05 00:00:00,District D,CENTER_07,Entrepreneurship,72,65,7,0,21,6,38,228834,235201,manual_submission
562,2025-11-01,2025-11-30,2025-12-07 00:00:00,District A,CENTER_16,Vocational Training,42,37,1,4,8,3,25,52218,49855,manual_submission
563,2025-12-01,2025-12-31,2026-01-03 00:00:00,District D,CENTER_09,Entrepreneurship,55,44,5,6,18,4,103,148690,122732,monthly_center_report
564,2025-04-01,2025-04-30,2025-05-04 00:00:00,District F,CENTER_15,Entrepreneurship,79,46,14,19,12,6,46,227522,171603,monthly_center_report
565,2025-01-01,2025-01-31,2025-02-02 00:00:00,District G,CENTER_19,Digital Skills,85,59,5,21,12,7,72,148102,100691,manual_submission
566,2025-08-01,2025-08-31,2025-09-03 00:00:00,District E,CENTER_10,Digital Skills,28,23,3,2,9,3,120,122478,97729,program_database
567,2025-11-01,2025-11-30,2025-12-05 00:00:00,District F,CENTER_09,Entrepreneurship,58,33,19,6,20,3,67,89303,58948,monthly_center_report
568,2025-11-01,2025-11-30,2025-12-06 00:00:00,District D,CENTER_02,Career Readiness,60,49,1,10,24,5,26,86681,50974,monthly_center_report
569,2025-05-01,2025-05-31,2025-06-01 00:00:00,District A,CENTER_16,Entrepreneurship,73,65,2,6,23,5,78,151783,121058,monthly_center_report
570,2025-06-01,2025-06-30,2025-07-05 00:00:00,District A,CENTER_19,Vocational Training,48,35,3,10,18,4,88,190151,160906,monthly_center_report
571,2025-03-01,2025-03-31,2025-04-06 00:00:00,District H,CENTER_12,Entrepreneurship,91,80,9,2,25,6,30,127013,91945,monthly_center_report
572,2025-12-01,2025-12-31,2026-01-04 00:00:00,District B,CENTER_16,Vocational Training,53,43,2,8,9,5,34,249994,208211,monthly_center_report
573,2025-04-01,2025-04-30,2025-05-05 00:00:00,District C,CENTER_11,Digital Skills,65,42,16,7,24,4,83,245090,242471,monthly_center_report
574,2025-06-01,2025-06-30,2025-07-07 00:00:00,District E,CENTER_14,Entrepreneurship,53,46,3,4,24,5,22,171572,150850,monthly_center_report
575,2025-11-01,2025-11-30,2025-12-01 00:00:00,District B,CENTER_16,Digital Skills,94,83,2,9,48,5,88,212700,209221,monthly_center_report
576,2025-09-01,2025-09-30,2025-10-06 00:00:00,District B,CENTER_16,Vocational Training,35,29,0,6,6,3,42,228440,221245,program_database
577,2025-07-01,2025-07-31,2025-08-06 00:00:00,District G,CENTER_17,Entrepreneurship,26,21,4,1,13,2,72,86009,76554,program_database
578,2025-10-01,2025-10-31,2025-11-06 00:00:00,District D,CENTER_11,Career Readiness,78,62,12,4,32,4,56,132938,123148,monthly_center_report
579,2025-06-01,2025-06-30,2025-07-04 00:00:00,District C,CENTER_03,Career Readiness,100,61,28,11,29,6,28,132159,130894,manual_submission
580,2025-05-01,2025-05-31,2025-06-05 00:00:00,District A,CENTER_01,Career Readiness,46,41,4,1,21,3,34,201068,113527,manual_submission
581,2025-03-01,2025-03-31,2025-04-04 00:00:00,District C,CENTER_16,Digital Skills,98,86,6,6,54,7,22,216064,132757,monthly_center_report
582,2025-08-01,2025-08-31,2025-09-02 00:00:00,District G,CENTER_13,Career Readiness,-5,47,22,0,23,1,112,59889,55202,monthly_center_report
583,2025-06-01,2025-06-30,2025-07-02 00:00:00,District D,CENTER_12,Digital Skills,87,53,22,12,26,5,89,54696,52452,program_database
584,2025-12-01,2025-12-31,2026-01-05 00:00:00,District A,CENTER_08,Vocational Training,64,56,4,4,39,3,36,83798,67351,program_database
585,2025-03-01,2025-03-31,2025-04-07 00:00:00,District B,CENTER_13,Entrepreneurship,28,15,0,13,9,2,45,61984,42987,manual_submission
586,2025-12-01,2025-12-31,2026-01-04 00:00:00,District E,CENTER_10,Career Readiness,86,68,2,16,29,5,40,138561,144185,program_database
587,2025-08-01,2025-08-31,2025-09-01 00:00:00,District G,CENTER_05,Entrepreneurship,65,52,1,12,29,4,91,99394,67578,monthly_center_report
588,2025-04-01,2025-04-30,2025-05-06 00:00:00,District C,CENTER_13,Digital Skills,48,38,8,2,15,3,40,105362,86396,monthly_center_report
589,2025-02-01,2025-02-28,2025-03-06 00:00:00,District A,CENTER_19,Vocational Training,66,56,0,10,18,6,30,59794,36085,monthly_center_report
590,2025-10-01,2025-10-31,2025-11-05 00:00:00,District G,CENTER_09,Digital Skills,26,22,4,0,11,2,57,221328,181629,monthly_center_report
591,2025-07-01,2025-07-31,2025-08-07 00:00:00,District A,CENTER_02,Digital Skills,76,71,2,3,47,4,91,82399,59404,monthly_center_report
592,2025-04-01,2025-04-30,2025-05-02 00:00:00,District E,CENTER_16,Vocational Training,100,80,20,0,53,8,107,128935,130999,monthly_center_report
593,2025-10-01,2025-10-31,2025-11-02 00:00:00,District G,CENTER_04,Entrepreneurship,97,57,32,8,21,6,54,159792,162766,monthly_center_report
594,2025-05-01,2025-05-31,2025-06-06 00:00:00,District B,CENTER_17,Digital Skills,34,28,0,6,13,3,33,77856,45461,program_database
595,2025-05-01,2025-05-31,2025-06-05 00:00:00,District H,CENTER_07,Vocational Training,86,57,23,6,17,5,33,143827,130031,monthly_center_report
596,2025-01-01,2025-01-31,2025-02-04 00:00:00,District G,CENTER_10,Vocational Training,90,51,8,31,36,7,29,104445,87847,monthly_center_report
597,2025-01-01,2025-01-31,2025-02-02 00:00:00,District H,CENTER_11,Vocational Training,21,14,6,1,10,2,31,78948,67931,monthly_center_report
598,2025-09-01,2025-09-30,2025-10-04 00:00:00,District H,CENTER_05,Digital Skills,29,16,2,11,8,2,57,239681,236269,monthly_center_report
599,2025-08-01,2025-08-31,2025-09-07 00:00:00,District B,CENTER_09,Vocational Training,57,53,2,2,32,4,53,171707,177620,program_database
600,2025-01-01,2025-01-31,2025-02-02 00:00:00,District A,CENTER_04,Vocational Training,57,48,4,5,27,4,60,227410,139866,program_database
601,2025-02-01,2025-02-28,2025-03-02 00:00:00,District F,CENTER_14,Digital Skills,25,21,4,0,10,2,29,86279,48514,manual_submission
602,2025-08-01,2025-08-31,2025-09-03 00:00:00,District C,CENTER_11,Entrepreneurship,99,55,27,17,12,5,36,242169,172377,monthly_center_report
603,2025-03-01,2025-03-31,2025-04-02 00:00:00,,CENTER_12,Entrepreneurship,34,25,3,6,11,3,36,154923,144884,monthly_center_report
604,2025-12-01,2025-12-31,2026-01-01 00:00:00,District H,CENTER_09,Career Readiness,81,66,2,13,35,6,86,220091,170119,monthly_center_report
605,2025-12-01,2025-12-31,2026-01-05 00:00:00,District C,CENTER_04,Vocational Training,27,17,8,2,9,2,81,77187,80935,monthly_center_report
606,2025-10-01,2025-10-31,2025-11-05 00:00:00,District G,CENTER_19,Career Readiness,76,54,17,5,21,4,114,210254,163092,program_database
607,2025-11-01,2025-11-30,2025-12-04 00:00:00,District G,CENTER_12,Digital Skills,36,22,7,7,15,2,20,177958,168598,program_database
608,2025-01-01,2025-01-31,2025-02-07 00:00:00,District B,CENTER_14,Career Readiness,28,23,3,2,7,2,31,221697,146405,program_database
609,2025-11-01,2025-11-30,2025-12-02 00:00:00,District F,CENTER_01,Vocational Training,63,36,11,16,16,4,23,187128,166590,monthly_center_report
610,2025-08-01,2025-08-31,2025-09-01 00:00:00,District B,CENTER_14,Vocational Training,64,51,3,10,28,4,61,227286,156061,program_database
611,2025-01-01,2025-01-31,2025-02-04 00:00:00,District G,CENTER_05,Digital Skills,40,37,0,3,20,3,32,179980,112582,monthly_center_report
612,2025-06-01,2025-06-30,2025-07-03 00:00:00,District C,CENTER_03,Career Readiness,50,36,9,5,19,4,117,122917,125597,program_database
613,2025-09-01,2025-09-30,2025-10-04 00:00:00,District A,CENTER_17,Vocational Training,68,48,8,12,16,4,104,111603,97012,monthly_center_report
614,2025-10-01,2025-10-31,2025-11-04 00:00:00,District B,CENTER_15,Career Readiness,77,54,21,2,15,6,105,180667,124137,monthly_center_report
615,2025-08-01,2025-08-31,2025-09-02 00:00:00,District H,CENTER_11,Digital Skills,22,20,2,0,10,2,23,155759,117546,monthly_center_report
616,2025-02-01,2025-02-28,2025-03-03 00:00:00,District G,CENTER_02,Digital Skills,97,88,0,9,44,5,101,217126,144383,manual_submission
617,2025-11-01,2025-11-30,2025-12-04 00:00:00,District E,CENTER_17,Vocational Training,78,49,19,10,14,5,88,145248,82147,monthly_center_report
618,2025-06-01,2025-06-30,2025-07-01 00:00:00,District A,CENTER_08,Career Readiness,91,73,3,15,40,8,38,237867,174656,monthly_center_report
619,2025-02-01,2025-02-28,2025-03-01 00:00:00,District F,CENTER_15,Digital Skills,48,42,6,0,18,4,21,139484,109718,program_database
620,2025-12-01,2025-12-31,2026-01-05 00:00:00,District F,CENTER_10,Entrepreneurship,33,30,3,0,16,3,31,93032,59797,monthly_center_report
621,2025-02-01,2025-02-28,2025-03-03 00:00:00,District H,CENTER_05,Career Readiness,52,46,2,4,28,4,100,101359,95104,monthly_center_report
622,2025-04-01,2025-04-30,2025-05-03 00:00:00,District D,CENTER_04,Career Readiness,78,66,0,12,19,7,93,99959,97199,monthly_center_report
623,2025-01-01,2025-01-31,2025-02-05 00:00:00,District F,CENTER_04,Career Readiness,95,81,13,1,17,5,117,168097,145086,monthly_center_report
624,2025-08-01,2025-08-31,2025-09-04 00:00:00,District H,CENTER_19,Vocational Training,20,12,0,8,7,2,25,242994,137598,manual_submission
625,2025-10-01,2025-10-31,2025-11-03 00:00:00,District A,CENTER_18,Career Readiness,81,74,5,2,37,6,27,231355,198577,program_database
626,2025-07-01,2025-07-31,2025-08-01 00:00:00,District C,CENTER_05,Digital Skills,96,83,4,9,46,7,70,134369,106253,monthly_center_report
627,2025-05-01,2025-05-31,2025-06-01 00:00:00,District G,CENTER_14,Vocational Training,70,41,19,10,25,5,30,127115,77869,manual_submission
628,2025-07-01,2025-07-31,2025-08-02 00:00:00,District H,CENTER_05,Vocational Training,97,79,2,16,48,6,82,128358,98213,monthly_center_report
629,2025-04-01,2025-04-30,2025-05-03 00:00:00,District F,CENTER_18,Vocational Training,46,28,9,9,19,3,76,229991,183026,monthly_center_report
630,2025-09-01,2025-09-30,2025-10-04 00:00:00,District F,CENTER_05,Vocational Training,89,51,18,20,24,5,31,236214,198652,monthly_center_report
631,2025-10-01,2025-10-31,2025-11-05 00:00:00,District B,CENTER_12,Career Readiness,93,61,6,26,27,6,92,226748,215133,monthly_center_report
632,2025-09-01,2025-09-30,2025-10-05 00:00:00,District E,CENTER_14,Digital Skills,33,22,11,0,9,2,21,149842,116518,monthly_center_report
633,2025-04-01,2025-04-30,2025-05-04 00:00:00,District C,CENTER_02,Digital Skills,54,29,1,24,8,3,27,92188,54042,manual_submission
634,2025-01-01,2025-01-31,2025-02-07 00:00:00,District E,CENTER_09,Vocational Training,57,40,11,6,19,5,30,247550,195556,program_database
635,2025-02-01,2025-02-28,2025-03-06 00:00:00,District A,CENTER_12,Career Readiness,98,77,0,21,26,5,72,243853,169680,monthly_center_report
636,2025-04-01,2025-04-30,2025-05-02 00:00:00,District D,CENTER_18,Career Readiness,85,70,6,9,46,7,119,231649,227030,monthly_center_report
637,2025-07-01,2025-07-31,2025-08-05 00:00:00,District A,CENTER_13,Career Readiness,60,51,1,8,25,3,29,64103,36526,program_database
638,2025-10-01,2025-10-31,2025-11-03 00:00:00,District A,CENTER_09,Vocational Training,76,56,13,7,28,5,104,216143,130218,manual_submission
639,2025-12-01,2025-12-31,2026-01-02 00:00:00,District F,CENTER_19,Vocational Training,44,28,7,9,11,3,103,167654,174918,program_database
640,2025-03-01,2025-03-31,2025-04-03 00:00:00,District C,CENTER_03,Vocational Training,85,51,27,7,12,5,27,148880,119021,monthly_center_report
641,2025-09-01,2025-09-30,2025-10-07 00:00:00,District A,CENTER_14,Entrepreneurship,53,42,9,2,9,3,55,92186,83081,program_database
642,2025-08-01,2025-08-31,2025-09-01 00:00:00,District E,CENTER_01,Entrepreneurship,39,30,9,0,12,2,112,90292,50101,monthly_center_report
643,2025-11-01,2025-11-30,2025-12-02 00:00:00,District F,CENTER_20,Digital Skills,98,66,13,19,16,7,95,178594,144456,monthly_center_report
644,2025-09-01,2025-09-30,2025-10-05 00:00:00,District F,CENTER_03,Entrepreneurship,48,28,15,5,14,4,33,186473,135251,monthly_center_report
645,2025-07-01,2025-07-31,2025-08-02 00:00:00,District B,CENTER_17,Vocational Training,89,50,5,34,32,6,73,155753,91783,monthly_center_report
646,2025-04-01,2025-04-30,2025-05-02 00:00:00,District B,CENTER_12,Vocational Training,62,43,9,10,28,5,104,144580,89113,monthly_center_report
647,2025-09-01,2025-09-30,2025-10-02 00:00:00,District E,CENTER_07,Career Readiness,21,16,5,0,8,2,105,225358,201635,monthly_center_report
648,2025-11-01,2025-11-30,2025-12-06 00:00:00,District F,CENTER_15,Vocational Training,98,85,4,9,26,7,40,113917,74054,monthly_center_report
649,2025-02-01,2025-02-28,2025-03-02 00:00:00,District A,CENTER_11,Career Readiness,69,42,19,8,27,4,69,191619,115409,program_database
650,2025-09-01,2025-09-30,2025-10-03 00:00:00,District E,CENTER_01,Entrepreneurship,85,68,3,14,44,5,113,177612,160425,monthly_center_report
651,2025-06-01,2025-06-30,2025-07-01 00:00:00,District A,CENTER_10,Vocational Training,85,47,33,5,14,5,58,75154,76514,monthly_center_report
652,2025-11-01,2025-11-30,2025-12-07 00:00:00,District C,CENTER_18,Digital Skills,28,15,10,3,9,3,39,225724,185239,monthly_center_report
653,2025-04-01,2025-04-30,2025-05-04 00:00:00,District D,CENTER_14,Digital Skills,88,73,2,13,25,5,107,219492,216305,manual_submission
654,2025-08-01,2025-08-31,2025-09-02 00:00:00,District B,CENTER_05,Digital Skills,62,51,11,0,31,3,106,72943,69358,monthly_center_report
655,2025-05-01,2025-05-31,2025-06-05 00:00:00,District B,CENTER_02,Vocational Training,91,62,27,2,43,6,26,200722,192173,monthly_center_report
656,2025-07-01,2025-07-31,2025-08-02 00:00:00,District D,CENTER_09,Career Readiness,77,44,8,25,9,5,28,163514,163090,monthly_center_report
657,2025-11-01,2025-11-30,2025-12-05 00:00:00,District F,CENTER_01,Career Readiness,35,26,1,8,17,2,20,51546,49414,program_database
658,2025-12-01,2025-12-31,2026-01-03 00:00:00,District B,CENTER_19,Digital Skills,29,21,3,5,11,3,45,181815,158504,manual_submission
659,2025-10-01,2025-10-31,2025-11-05 00:00:00,District B,CENTER_10,Entrepreneurship,31,23,4,4,16,2,57,164734,150862,monthly_center_report
660,2025-08-01,2025-08-31,2025-09-04 00:00:00,District G,CENTER_13,Digital Skills,40,23,0,17,10,3,57,107636,62447,monthly_center_report
661,2025-11-01,2025-11-30,2025-12-01 00:00:00,District C,CENTER_13,Entrepreneurship,38,24,10,4,15,3,80,227547,143302,manual_submission
662,2025-02-01,2025-02-28,2025-03-05 00:00:00,District F,CENTER_01,Vocational Training,25,22,3,0,5,2,63,200134,132009,monthly_center_report
663,2025-05-01,2025-05-31,2025-06-05 00:00:00,District G,CENTER_18,Digital Skills,46,43,1,2,16,4,105,105505,75799,monthly_center_report
664,2025-03-01,2025-03-31,2025-04-01 00:00:00,District G,CENTER_17,Vocational Training,43,26,10,7,6,4,63,211712,200035,monthly_center_report
665,2025-03-01,2025-03-31,2025-04-04 00:00:00,District E,CENTER_07,Digital Skills,92,74,17,1,51,7,93,246881,197282,monthly_center_report
666,2025-05-01,2025-05-31,2025-06-02 00:00:00,District H,CENTER_18,Digital Skills,28,21,3,4,13,2,81,75743,68895,monthly_center_report
667,2025-06-01,2025-06-30,2025-07-05 00:00:00,District D,CENTER_19,Career Readiness,65,41,20,4,26,4,25,225976,236860,monthly_center_report
668,2025-10-01,2025-10-31,2025-11-01 00:00:00,District D,CENTER_04,Entrepreneurship,28,26,2,0,17,2,36,133305,116663,program_database
669,2025-10-01,2025-10-31,2025-11-03 00:00:00,District H,CENTER_15,Entrepreneurship,59,37,0,22,9,4,70,203136,180814,manual_submission
670,2025-06-01,2025-06-30,2025-07-01 00:00:00,District C,CENTER_19,Entrepreneurship,74,42,22,10,16,5,57,51266,28982,monthly_center_report
671,2025-12-01,2025-12-31,2026-01-03 00:00:00,District F,CENTER_08,Vocational Training,75,48,19,8,11,5,43,144237,112694,program_database
672,2025-08-01,2025-08-31,2025-09-04 00:00:00,District C,CENTER_11,Career Readiness,77,69,3,5,21,5,70,130077,118836,monthly_center_report
673,2025-03-01,2025-03-31,2025-04-02 00:00:00,District H,CENTER_18,Digital Skills,97,82,13,2,26,8,29,123561,94245,monthly_center_report
674,2025-05-01,2025-05-31,2025-06-01 00:00:00,District C,CENTER_18,Vocational Training,100,68,28,4,30,6,91,240690,177032,monthly_center_report
675,2025-10-01,2025-10-31,2025-11-07 00:00:00,District B,CENTER_01,Digital Skills,94,88,3,3,29,7,40,204674,116675,manual_submission
676,2025-09-01,2025-09-30,2025-10-07 00:00:00,District D,CENTER_02,Entrepreneurship,89,79,3,7,20,5,89,221418,185844,program_database
677,2025-04-01,2025-04-30,2025-05-06 00:00:00,District C,CENTER_12,Career Readiness,95,68,4,23,19,6,104,126283,115249,program_database
678,2025-07-01,2025-07-31,2025-08-05 00:00:00,District C,CENTER_15,Digital Skills,66,49,1,16,13,5,76,52776,52074,program_database
679,2025-09-01,2025-09-30,2025-10-04 00:00:00,District D,CENTER_20,Vocational Training,37,33,1,3,23,3,58,91739,69800,monthly_center_report
680,2025-12-01,2025-12-31,2026-01-01 00:00:00,District C,CENTER_19,Vocational Training,81,53,17,11,31,5,107,60595,51273,manual_submission
681,2025-02-01,2025-02-28,2025-03-07 00:00:00,District D,CENTER_16,Vocational Training,53,48,3,2,33,4,52,111346,72968,program_database
682,2025-07-01,2025-07-31,2025-08-05 00:00:00,District A,CENTER_07,Entrepreneurship,80,63,3,14,26,7,78,62173,53828,manual_submission
683,2025-12-01,2025-12-31,2026-01-07 00:00:00,District A,CENTER_11,Digital Skills,86,72,4,10,24,4,37,121695,74937,monthly_center_report
684,2025-07-01,2025-07-31,2025-08-01 00:00:00,District E,CENTER_19,Vocational Training,68,56,7,5,34,6,75,204056,204977,monthly_center_report
685,2025-07-01,2025-07-31,2025-08-03 00:00:00,District B,CENTER_17,Entrepreneurship,48,29,3,16,11,3,111,156389,104588,monthly_center_report
686,2025-08-01,2025-08-31,2025-09-01 00:00:00,District F,CENTER_12,Career Readiness,97,91,6,0,32,5,76,181553,116282,monthly_center_report
687,2025-04-01,2025-04-30,2025-05-06 00:00:00,District C,CENTER_15,Vocational Training,29,25,0,4,8,3,115,218683,174102,monthly_center_report
688,2025-03-01,2025-03-31,2025-04-01 00:00:00,District E,CENTER_07,Vocational Training,40,25,4,11,7,3,95,207816,204776,monthly_center_report
689,2025-06-01,2025-06-30,2025-07-01 00:00:00,District B,CENTER_08,Career Readiness,34,24,3,7,8,3,67,227007,183287,monthly_center_report
690,2025-10-01,2025-10-31,2025-11-06 00:00:00,District H,CENTER_16,Vocational Training,40,27,3,10,10,3,61,157714,133501,monthly_center_report
691,2025-03-01,2025-03-31,2025-04-04 00:00:00,District A,CENTER_08,Digital Skills,93,57,26,10,31,8,46,85317,63607,monthly_center_report
692,2025-01-01,2025-01-31,2025-02-01 00:00:00,District A,CENTER_19,Vocational Training,41,38,1,2,9,3,93,97195,66001,monthly_center_report
693,2025-12-01,2025-12-31,2026-01-06 00:00:00,District G,CENTER_20,Digital Skills,56,45,10,1,14,5,71,106778,76089,manual_submission
694,2025-08-01,2025-08-31,2025-09-05 00:00:00,District H,CENTER_20,Career Readiness,41,35,5,1,21,3,61,157680,97042,monthly_center_report
695,2025-10-01,2025-10-31,2025-11-03 00:00:00,District C,CENTER_19,Vocational Training,85,79,4,2,22,4,51,93967,73002,monthly_center_report
696,2025-04-01,2025-04-30,2025-05-03 00:00:00,District F,CENTER_15,Digital Skills,68,43,13,12,16,4,45,84658,49672,program_database
697,2025-09-01,2025-09-30,2025-10-01 00:00:00,District B,CENTER_01,Vocational Training,84,51,7,26,32,5,44,89206,72246,monthly_center_report
698,2025-10-01,2025-10-31,2025-11-04 00:00:00,District B,CENTER_06,Career Readiness,96,65,29,2,18,7,94,189311,182579,monthly_center_report
699,2025-11-01,2025-11-30,2025-12-04 00:00:00,District B,CENTER_03,Career Readiness,36,26,1,9,6,2,42,191370,129051,monthly_center_report
700,2025-06-01,2025-06-30,2025-07-05 00:00:00,District A,CENTER_14,Career Readiness,25,19,1,5,8,2,117,188888,170639,monthly_center_report
701,2025-07-01,2025-07-31,2025-08-01 00:00:00,District G,CENTER_08,Career Readiness,64,39,7,18,14,4,76,244351,154872,manual_submission
702,2025-05-01,2025-05-31,2025-06-03 00:00:00,District B,CENTER_14,Vocational Training,81,45,22,14,22,7,71,71972,66084,monthly_center_report
703,2025-05-01,2025-05-31,2025-06-04 00:00:00,District E,CENTER_20,Career Readiness,44,35,9,0,21,3,106,235899,185726,monthly_center_report
704,2025-09-01,2025-09-30,2025-10-01 00:00:00,District A,CENTER_19,Digital Skills,20,17,0,3,5,2,112,221585,211133,monthly_center_report
705,2025-06-01,2025-06-30,2025-07-07 00:00:00,District D,CENTER_11,Career Readiness,33,25,6,2,12,3,50,161692,159126,monthly_center_report
706,2025-10-01,2025-10-31,2025-11-04 00:00:00,District E,CENTER_09,Career Readiness,66,41,6,19,19,5,83,122236,74070,program_database
707,2025-09-01,2025-09-30,2025-10-06 00:00:00,District G,CENTER_07,Career Readiness,91,59,2,30,16,6,90,96850,56031,monthly_center_report
708,2025-05-01,2025-05-31,2025-06-07 00:00:00,District F,CENTER_18,Career Readiness,59,44,4,11,23,3,52,234941,239241,monthly_center_report
709,2025-12-01,2025-12-31,2026-01-04 00:00:00,District G,CENTER_05,Digital Skills,49,27,8,14,9,3,104,233320,142571,monthly_center_report
710,2025-09-01,2025-09-30,2025-10-03 00:00:00,District C,CENTER_04,Vocational Training,71,51,10,10,23,4,21,194330,197621,monthly_center_report
711,2025-11-01,2025-11-30,2025-12-02 00:00:00,District A,CENTER_06,Career Readiness,20,13,6,1,3,2,37,88096,70795,monthly_center_report
712,2025-02-01,2025-02-28,2025-03-07 00:00:00,District H,CENTER_20,Career Readiness,28,15,9,4,6,2,66,108135,67494,program_database
713,2025-12-01,2025-12-31,2026-01-05 00:00:00,District F,CENTER_03,Digital Skills,69,65,1,3,23,5,52,210947,217815,program_database
714,2025-03-01,2025-03-31,2025-04-05 00:00:00,District E,CENTER_20,Digital Skills,83,45,10,28,28,7,120,52807,54175,manual_submission
715,2025-04-01,2025-04-30,2025-05-03 00:00:00,District D,CENTER_17,Entrepreneurship,24,19,1,4,4,2,117,183837,180888,program_database
716,2025-11-01,2025-11-30,2025-12-04 00:00:00,District D,CENTER_20,Vocational Training,24,17,2,5,7,2,103,112719,91054,program_database
717,2025-05-01,2025-05-31,2025-06-01 00:00:00,District A,CENTER_06,Digital Skills,71,52,8,11,22,6,54,225547,199255,monthly_center_report
718,2025-09-01,2025-09-30,2025-10-04 00:00:00,District G,CENTER_13,Vocational Training,21,12,8,1,7,2,70,73636,41603,program_database
719,2025-06-01,2025-06-30,2025-07-03 00:00:00,District E,CENTER_18,Entrepreneurship,55,37,11,7,18,4,37,208954,188547,program_database
720,2025-10-01,2025-10-31,2025-11-05 00:00:00,District D,CENTER_15,Career Readiness,20,12,4,4,6,2,107,95884,85021,program_database
721,2025-09-01,2025-09-30,2025-10-04 00:00:00,District G,CENTER_17,Digital Skills,29,27,0,2,16,3,91,127136,75893,monthly_center_report
722,2025-09-01,2025-09-30,2025-10-05 00:00:00,District F,CENTER_04,Entrepreneurship,93,76,9,8,48,5,49,231978,179058,monthly_center_report
723,2025-04-01,2025-04-30,2025-05-07 00:00:00,District H,CENTER_13,Career Readiness,63,56,0,7,20,4,63,228675,146026,program_database
724,2025-08-01,2025-08-31,2025-09-01 00:00:00,District H,CENTER_19,Digital Skills,34,28,4,2,13,2,72,67708,65612,program_database
725,2025-06-01,2025-06-30,2025-07-07 00:00:00,District G,CENTER_08,Vocational Training,72,66,4,2,41,5,29,185398,165305,manual_submission
726,2025-05-01,2025-05-31,2025-06-05 00:00:00,District A,CENTER_09,Vocational Training,31,23,2,6,16,3,106,226605,194636,monthly_center_report
727,2025-08-01,2025-08-31,2025-09-05 00:00:00,District F,CENTER_03,Vocational Training,60,53,2,5,34,4,71,107295,89624,monthly_center_report
728,2025-08-01,2025-08-31,2025-09-02 00:00:00,District E,CENTER_06,Vocational Training,45,25,13,7,10,3,68,242788,246544,monthly_center_report
729,2025-04-01,2025-04-30,2025-05-02 00:00:00,District D,CENTER_09,Vocational Training,45,37,5,3,11,3,30,212161,188453,program_database
730,2025-02-01,2025-02-28,2025-03-07 00:00:00,District F,CENTER_05,Digital Skills,30,19,1,10,8,3,85,223912,196917,monthly_center_report
731,2025-09-01,2025-09-30,2025-10-06 00:00:00,District H,CENTER_20,Digital Skills,25,17,1,7,10,2,77,147306,128983,monthly_center_report
732,2025-08-01,2025-08-31,2025-09-07 00:00:00,District F,CENTER_16,Entrepreneurship,43,25,2,16,11,4,109,123470,108520,manual_submission
733,2025-01-01,2025-01-31,2025-02-02 00:00:00,District G,CENTER_08,Vocational Training,87,82,2,3,36,6,55,175388,100691,monthly_center_report
734,2025-07-01,2025-07-31,2025-08-05 00:00:00,District A,CENTER_17,Entrepreneurship,42,39,0,3,24,3,52,81553,61446,program_database
735,2025-01-01,2025-01-31,2025-02-03 00:00:00,District H,CENTER_11,Digital Skills,46,41,2,3,16,3,66,202307,190409,monthly_center_report
736,2025-10-01,2025-10-31,2025-11-07 00:00:00,District B,CENTER_11,Entrepreneurship,53,41,10,2,26,4,32,193802,178147,program_database
737,2025-08-01,2025-08-31,2025-09-05 00:00:00,District E,CENTER_08,Entrepreneurship,98,88,5,5,35,7,59,145924,109745,monthly_center_report
738,2025-04-01,2025-04-30,2025-05-03 00:00:00,District C,CENTER_16,Career Readiness,73,49,2,22,18,5,108,247183,218459,manual_submission
739,2025-05-01,2025-05-31,2025-06-03 00:00:00,District F,CENTER_12,Career Readiness,77,67,8,2,29,4,87,199791,186033,manual_submission
740,2025-02-01,2025-02-28,2025-03-02 00:00:00,District C,CENTER_19,Vocational Training,54,46,5,3,27,3,61,195579,150163,monthly_center_report
741,2025-03-01,2025-03-31,2025-04-07 00:00:00,District G,CENTER_13,Vocational Training,39,34,2,3,9,2,38,52553,32062,monthly_center_report
742,2025-03-01,2025-03-31,2025-04-04 00:00:00,District C,CENTER_14,Career Readiness,100,76,8,16,23,6,101,189980,105036,monthly_center_report
743,2025-05-01,2025-05-31,2025-06-01 00:00:00,District F,CENTER_16,Entrepreneurship,91,61,3,27,41,7,120,198854,145805,program_database
744,2025-12-01,2025-12-31,2026-01-02 00:00:00,District A,CENTER_13,Digital Skills,40,28,12,0,8,3,113,106483,95593,program_database
745,2025-08-01,2025-08-31,2025-09-02 00:00:00,District E,CENTER_16,Digital Skills,62,43,11,8,21,4,38,144624,111989,monthly_center_report
746,2025-06-01,2025-06-30,2025-07-04 00:00:00,District F,CENTER_18,Entrepreneurship,22,14,2,6,7,2,77,81781,60242,monthly_center_report
747,2025-10-01,2025-10-31,2025-11-01 00:00:00,District F,CENTER_20,Vocational Training,93,59,0,34,26,5,42,95754,56169,monthly_center_report
748,2025-11-01,2025-11-30,2025-12-05 00:00:00,District E,CENTER_12,Entrepreneurship,85,67,3,15,35,7,73,243075,214904,program_database
749,2025-10-01,2025-10-31,2025-11-06 00:00:00,District H,CENTER_03,Career Readiness,56,44,5,7,14,3,99,215599,168543,manual_submission
750,2025-07-01,2025-07-31,2025-08-07 00:00:00,District C,CENTER_06,Entrepreneurship,100,70,11,19,33,7,84,199851,196187,monthly_center_report
751,2025-03-01,2025-03-31,2025-04-06 00:00:00,District G,CENTER_03,Digital Skills,63,47,9,7,18,4,31,132177,104365,monthly_center_report
752,2025-10-01,2025-10-31,2025-11-05 00:00:00,District F,CENTER_10,Entrepreneurship,70,39,14,17,21,4,43,166627,120075,monthly_center_report
753,2025-07-01,2025-07-31,2025-08-02 00:00:00,District F,CENTER_19,Career Readiness,41,28,11,2,8,2,53,56055,42008,monthly_center_report
754,2025-12-01,2025-12-31,2026-01-01 00:00:00,District C,CENTER_08,Entrepreneurship,30,23,4,3,11,2,72,93754,76578,monthly_center_report
755,2025-02-01,2025-02-28,2025-03-02 00:00:00,District G,CENTER_04,Digital Skills,80,63,0,17,18,5,27,64110,59778,monthly_center_report
756,2025-02-01,2025-02-28,2025-03-03 00:00:00,District A,CENTER_13,Digital Skills,53,46,5,2,16,5,37,72101,65544,monthly_center_report
757,2025-04-01,2025-04-30,2025-05-02 00:00:00,District G,CENTER_10,Vocational Training,56,52,1,3,16,4,76,214228,119778,monthly_center_report
758,2025-01-01,2025-01-31,2025-02-02 00:00:00,District C,CENTER_05,Vocational Training,24,15,4,5,4,2,24,135249,74898,monthly_center_report
759,2025-09-01,2025-09-30,2025-10-05 00:00:00,District H,CENTER_15,Entrepreneurship,76,61,11,4,37,4,45,232877,232647,monthly_center_report
760,2025-11-01,2025-11-30,2025-12-05 00:00:00,District C,CENTER_19,Career Readiness,92,59,6,27,20,6,49,187221,189751,monthly_center_report
761,2025-09-01,2025-09-30,2025-10-05 00:00:00,District E,CENTER_12,Career Readiness,49,28,19,2,19,3,73,165831,168686,program_database
762,2025-05-01,2025-05-31,2025-06-06 00:00:00,District E,CENTER_12,Career Readiness,39,26,9,4,18,4,32,52767,31697,program_database
763,2025-06-01,2025-06-30,2025-07-03 00:00:00,District A,CENTER_17,Vocational Training,56,41,0,15,20,5,102,190272,129078,monthly_center_report
764,2025-05-01,2025-05-31,2025-06-05 00:00:00,District A,CENTER_16,Career Readiness,21,13,2,6,4,2,48,126787,89213,monthly_center_report
765,2025-04-01,2025-04-30,2025-05-01 00:00:00,District D,CENTER_01,Entrepreneurship,72,62,2,8,24,6,22,164584,134889,program_database
766,2025-12-01,2025-12-31,2026-01-06 00:00:00,District G,CENTER_08,Vocational Training,69,46,11,12,28,6,109,107826,92209,manual_submission
767,2025-11-01,2025-11-30,2025-12-04 00:00:00,District E,CENTER_03,Career Readiness,50,41,1,8,16,5,77,210750,144640,monthly_center_report
768,2025-07-01,2025-07-31,2025-08-01 00:00:00,District E,CENTER_10,Entrepreneurship,44,31,0,13,8,3,95,67947,41511,monthly_center_report
769,2025-02-01,2025-02-28,2025-03-07 00:00:00,District C,CENTER_05,Entrepreneurship,-5,48,11,19,23,1,21,168690,150228,monthly_center_report
770,2025-04-01,2025-04-30,2025-05-07 00:00:00,District E,CENTER_20,Career Readiness,61,37,24,0,23,4,94,89885,73038,monthly_center_report
771,2025-03-01,2025-03-31,2025-04-01 00:00:00,District A,CENTER_18,Digital Skills,33,27,4,2,16,3,47,120567,72754,monthly_center_report
772,2025-04-01,2025-04-30,2025-05-05 00:00:00,District C,CENTER_15,Digital Skills,31,24,5,2,7,3,101,53860,36532,monthly_center_report
773,2025-07-01,2025-07-31,2025-08-04 00:00:00,District H,CENTER_07,Entrepreneurship,59,55,1,3,30,3,96,147359,116674,program_database
774,2025-02-01,2025-02-28,2025-03-04 00:00:00,District H,CENTER_02,Entrepreneurship,38,33,5,0,10,3,120,119862,98899,monthly_center_report
775,2025-03-01,2025-03-31,2025-04-06 00:00:00,District G,CENTER_03,Career Readiness,44,24,12,8,7,4,105,150028,130010,monthly_center_report
776,2025-07-01,2025-07-31,2025-08-04 00:00:00,District A,CENTER_04,Vocational Training,76,70,5,1,45,6,95,243362,207053,monthly_center_report
777,2025-12-01,2025-12-31,2026-01-07 00:00:00,District A,CENTER_07,Career Readiness,32,28,0,4,9,3,21,224589,222815,monthly_center_report
778,2025-11-01,2025-11-30,2025-12-03 00:00:00,District D,CENTER_16,Career Readiness,59,37,12,10,12,4,120,91579,60077,monthly_center_report
779,2025-05-01,2025-05-31,2025-06-05 00:00:00,District A,CENTER_18,Digital Skills,81,64,8,9,13,5,26,102094,77133,monthly_center_report
780,2025-02-01,2025-02-28,2025-03-04 00:00:00,District F,CENTER_02,Vocational Training,50,44,1,5,28,4,45,163812,163813,program_database
781,2025-05-01,2025-05-31,2025-06-06 00:00:00,District F,CENTER_01,Vocational Training,94,64,27,3,38,8,109,153758,102777,monthly_center_report
782,2025-10-01,2025-10-31,2025-11-07 00:00:00,District D,CENTER_01,Digital Skills,80,68,1,11,35,7,107,206293,141806,program_database
783,2025-04-01,2025-04-30,2025-05-03 00:00:00,District C,CENTER_12,Digital Skills,40,35,2,3,20,2,95,73960,56347,manual_submission
784,2025-06-01,2025-06-30,2025-07-02 00:00:00,District F,CENTER_02,Digital Skills,39,31,0,8,9,3,35,78152,46716,monthly_center_report
785,2025-06-01,2025-06-30,2025-07-02 00:00:00,District C,CENTER_16,Vocational Training,91,72,8,11,31,5,42,165007,128026,monthly_center_report
786,2025-06-01,2025-06-30,2025-07-03 00:00:00,District D,CENTER_01,Career Readiness,37,29,4,4,11,3,59,60351,38262,monthly_center_report
787,2025-09-01,2025-09-30,2025-10-07 00:00:00,District H,CENTER_15,Entrepreneurship,82,69,10,3,17,6,79,198557,194863,program_database
788,2025-06-01,2025-06-30,2025-07-06 00:00:00,District C,CENTER_18,Entrepreneurship,79,50,21,8,22,6,92,206940,620820,manual_submission
789,2025-08-01,2025-08-31,2025-09-03 00:00:00,District C,CENTER_03,Vocational Training,57,31,0,26,20,5,51,119035,103677,program_database
790,2025-11-01,2025-11-30,2025-12-05 00:00:00,District F,CENTER_15,Digital Skills,84,66,6,12,15,5,34,242323,199516,monthly_center_report
791,2025-10-01,2025-10-31,2025-11-05 00:00:00,District C,CENTER_01,Entrepreneurship,50,32,8,10,11,3,120,239006,178167,program_database
792,2025-04-01,2025-04-30,2025-05-02 00:00:00,District B,CENTER_18,Career Readiness,87,68,4,15,21,5,32,194563,155335,monthly_center_report
793,2025-06-01,2025-06-30,2025-07-04 00:00:00,District C,CENTER_20,Entrepreneurship,72,68,2,2,22,5,24,78957,48812,monthly_center_report
794,2025-01-01,2025-01-31,2025-02-06 00:00:00,District B,CENTER_17,Digital Skills,36,29,5,2,19,3,94,58198,43774,monthly_center_report
795,2025-04-01,2025-04-30,2025-05-02 00:00:00,District D,CENTER_04,Career Readiness,32,23,9,0,10,2,93,199687,181475,monthly_center_report
796,2025-01-01,2025-01-31,2025-02-04 00:00:00,District G,CENTER_16,Entrepreneurship,66,54,9,3,23,4,71,208847,218376,program_database
797,2025-11-01,2025-11-30,2025-12-04 00:00:00,District B,CENTER_01,Vocational Training,82,49,28,5,28,6,96,172698,103973,monthly_center_report
798,2025-06-01,2025-06-30,2025-07-05 00:00:00,District A,CENTER_12,Career Readiness,27,22,1,4,6,2,60,119681,100435,monthly_center_report
799,2025-02-01,2025-02-28,2025-03-07 00:00:00,District A,CENTER_03,Entrepreneurship,47,31,0,16,14,3,72,75459,44498,monthly_center_report
800,2025-04-01,2025-04-30,2025-05-01 00:00:00,District B,CENTER_08,Career Readiness,44,25,3,16,10,3,69,222196,221550,program_database
801,2025-09-01,2025-09-30,2025-10-07 00:00:00,District D,CENTER_19,Vocational Training,91,57,8,26,28,5,34,245587,174780,program_database
802,2025-11-01,2025-11-30,2025-12-01 00:00:00,District B,CENTER_19,Entrepreneurship,78,49,7,22,34,4,26,224389,163242,monthly_center_report
803,2025-03-01,2025-03-31,2025-04-03 00:00:00,District G,CENTER_04,Vocational Training,90,51,14,25,30,5,59,182302,147578,monthly_center_report
804,2025-06-01,2025-06-30,2025-07-05 00:00:00,District F,CENTER_06,Career Readiness,60,34,9,17,14,5,47,135106,128374,monthly_center_report
805,2025-12-01,2025-12-31,2026-01-04 00:00:00,District F,CENTER_14,Career Readiness,61,39,3,19,24,4,51,113103,92745,manual_submission
806,2025-06-01,2025-06-30,2025-07-06 00:00:00,District D,CENTER_13,Entrepreneurship,77,69,1,7,20,4,118,154094,134899,monthly_center_report
807,2025-10-01,2025-10-31,2025-11-01 00:00:00,District A,CENTER_02,Entrepreneurship,22,16,2,4,3,2,34,85411,60826,monthly_center_report
808,2025-04-01,2025-04-30,2025-05-07 00:00:00,District E,CENTER_01,Entrepreneurship,47,32,5,10,10,3,119,55688,49269,monthly_center_report
809,2025-02-01,2025-02-28,2025-03-04 00:00:00,District E,CENTER_18,Vocational Training,24,22,1,1,8,2,104,143233,126176,monthly_center_report
810,2025-06-01,2025-06-30,2025-07-01 00:00:00,District C,CENTER_05,Entrepreneurship,94,72,15,7,33,6,89,111078,101672,program_database
811,2025-10-01,2025-10-31,2025-11-01 00:00:00,District E,CENTER_10,Digital Skills,71,52,1,18,26,4,84,106999,62067,monthly_center_report
812,2025-03-01,2025-03-31,2025-04-01 00:00:00,District B,CENTER_11,Career Readiness,82,63,1,18,41,4,23,74999,77159,monthly_center_report
813,2025-02-01,2025-02-28,2025-03-06 00:00:00,District E,CENTER_02,Career Readiness,27,16,6,5,7,2,30,141207,126380,monthly_center_report
814,2025-04-01,2025-04-30,2025-05-05 00:00:00,District G,CENTER_14,Digital Skills,97,61,36,0,27,8,45,216169,176807,monthly_center_report
815,2025-09-01,2025-09-30,2025-10-06 00:00:00,District G,CENTER_02,Entrepreneurship,25,14,6,5,3,2,80,191539,148478,manual_submission
816,2025-03-01,2025-03-31,2025-04-02 00:00:00,District C,CENTER_11,Vocational Training,26,22,1,3,5,2,56,166815,120738,monthly_center_report
817,2025-05-01,2025-05-31,2025-06-04 00:00:00,District B,CENTER_08,Career Readiness,70,57,11,2,27,4,42,84652,80226,program_database
818,2025-10-01,2025-10-31,2025-11-05 00:00:00,District F,CENTER_03,Career Readiness,26,23,0,3,10,2,112,118827,79295,program_database
819,2025-12-01,2025-12-31,2026-01-05 00:00:00,District B,CENTER_13,Career Readiness,36,25,9,2,15,2,104,176070,110256,monthly_center_report
820,2025-11-01,2025-11-30,2025-12-05 00:00:00,District D,CENTER_16,Career Readiness,93,88,4,1,25,5,110,197106,199767,monthly_center_report
821,2025-05-01,2025-05-31,2025-06-07 00:00:00,District D,CENTER_08,Digital Skills,75,57,8,10,12,4,59,229499,222847,monthly_center_report
822,2025-07-01,2025-07-31,2025-08-05 00:00:00,District B,CENTER_04,Career Readiness,66,50,5,11,21,4,96,99935,86123,program_database
823,2025-05-01,2025-05-31,2025-06-06 00:00:00,District F,CENTER_12,Digital Skills,41,24,6,11,8,3,42,211538,196230,monthly_center_report
824,2025-08-01,2025-08-31,2025-09-05 00:00:00,District H,CENTER_20,Vocational Training,25,15,7,3,3,2,35,102346,98562,monthly_center_report
825,2025-02-01,2025-02-28,2025-03-03 00:00:00,District F,CENTER_05,Digital Skills,26,22,3,1,12,2,113,212792,192443,monthly_center_report
826,2025-06-01,2025-06-30,2025-07-04 00:00:00,District C,CENTER_10,Digital Skills,34,54,6,9,14,2,80,167980,117848,program_database
827,2025-04-01,2025-04-30,2025-05-05 00:00:00,District H,CENTER_01,Entrepreneurship,88,57,18,13,29,5,87,103425,75507,monthly_center_report
828,2025-10-01,2025-10-31,2025-11-04 00:00:00,District E,CENTER_18,Career Readiness,38,22,16,0,7,2,99,148725,151473,monthly_center_report
829,2025-01-01,2025-01-31,2025-02-03 00:00:00,District A,CENTER_09,Vocational Training,56,43,10,3,12,4,50,232590,163455,monthly_center_report
830,2025-11-01,2025-11-30,2025-12-03 00:00:00,District E,CENTER_02,Career Readiness,21,14,6,1,5,2,72,151880,117494,monthly_center_report
831,2025-01-01,2025-01-31,2025-02-04 00:00:00,District E,CENTER_12,Digital Skills,57,45,2,10,27,4,44,151324,122245,program_database
832,2025-06-01,2025-06-30,2025-07-01 00:00:00,District D,CENTER_13,Digital Skills,82,75,6,1,30,4,63,98868,78944,monthly_center_report
833,2025-09-01,2025-09-30,2025-10-02 00:00:00,District D,CENTER_17,Career Readiness,22,20,2,0,12,2,31,114852,112062,program_database
834,2025-07-01,2025-07-31,2025-08-07 00:00:00,District E,CENTER_11,Career Readiness,40,25,15,0,7,4,109,140906,143061,program_database
835,2025-04-01,2025-04-30,2025-05-01 00:00:00,District F,CENTER_12,Entrepreneurship,84,50,17,17,29,7,120,66255,63520,monthly_center_report
836,2025-09-01,2025-09-30,2025-10-01 00:00:00,District E,CENTER_13,Digital Skills,55,38,10,7,12,5,116,89769,88780,program_database
837,2025-02-01,2025-02-28,2025-03-06 00:00:00,District F,CENTER_13,Vocational Training,68,61,4,3,33,4,111,159401,151903,monthly_center_report
838,2025-07-01,2025-07-31,2025-08-07 00:00:00,District D,CENTER_19,Vocational Training,59,51,3,5,25,3,28,167747,117815,monthly_center_report
839,2025-10-01,2025-10-31,2025-11-07 00:00:00,District C,CENTER_07,Vocational Training,89,51,26,12,34,7,31,86204,64781,program_database
840,2025-07-01,2025-07-31,2025-08-01 00:00:00,District E,CENTER_17,Vocational Training,38,23,10,5,9,3,88,133229,119569,monthly_center_report
841,2025-03-01,2025-03-31,2025-04-05 00:00:00,District B,CENTER_18,Digital Skills,60,41,15,4,10,3,73,240599,249694,monthly_center_report
842,2025-07-01,2025-07-31,2025-08-06 00:00:00,District A,CENTER_11,Career Readiness,58,46,5,7,10,4,73,245457,235943,monthly_center_report
843,2025-02-01,2025-02-28,2025-03-06 00:00:00,District E,CENTER_05,Vocational Training,36,21,10,5,13,3,47,56867,55786,manual_submission
844,2025-10-01,2025-10-31,2025-11-03 00:00:00,District E,CENTER_20,Vocational Training,49,45,3,1,21,3,75,230191,182663,monthly_center_report
845,2025-12-01,2025-12-31,2026-01-07 00:00:00,District A,CENTER_12,Digital Skills,81,64,13,4,38,5,118,181681,169400,monthly_center_report
846,2025-07-01,2025-07-31,2025-08-01 00:00:00,District H,CENTER_12,Vocational Training,82,50,2,30,16,6,88,86048,68948,monthly_center_report
847,2025-01-01,2025-01-31,2025-02-03 00:00:00,District C,CENTER_07,Vocational Training,72,51,21,0,19,5,117,120741,75244,program_database
848,2025-04-01,2025-04-30,2025-05-04 00:00:00,District G,CENTER_08,Vocational Training,28,19,7,2,4,2,117,165155,96464,program_database
849,2025-04-01,2025-04-30,2025-05-02 00:00:00,District H,CENTER_11,Career Readiness,74,41,8,25,28,4,96,60964,37650,monthly_center_report
850,2025-10-01,2025-10-31,2025-11-06 00:00:00,District G,CENTER_11,Career Readiness,93,86,7,0,46,6,77,186485,153806,program_database
851,2025-01-01,2025-01-31,2025-02-04 00:00:00,District B,CENTER_15,Career Readiness,51,47,0,4,31,3,97,190999,146352,monthly_center_report
852,2025-09-01,2025-09-30,2025-10-04 00:00:00,District G,CENTER_02,Career Readiness,100,67,30,3,22,8,94,99768,80120,monthly_center_report
853,2025-05-01,2025-05-31,2025-06-05 00:00:00,District E,CENTER_15,Career Readiness,-5,40,2,14,20,1,61,93643,56451,program_database
854,2025-12-01,2025-12-31,2026-01-02 00:00:00,District G,CENTER_10,Digital Skills,86,69,13,4,37,8,57,171524,112866,program_database
855,2025-03-01,2025-03-31,2025-04-04 00:00:00,District H,CENTER_03,Digital Skills,94,74,3,17,27,7,87,85469,74793,program_database
856,2025-08-01,2025-08-31,2025-09-04 00:00:00,District G,CENTER_14,Entrepreneurship,23,14,7,2,9,2,72,168929,98092,program_database
857,2025-05-01,2025-05-31,2025-06-02 00:00:00,District D,CENTER_15,Digital Skills,61,52,7,2,35,3,52,238317,185863,monthly_center_report
858,2025-12-01,2025-12-31,2026-01-02 00:00:00,District B,CENTER_03,Digital Skills,77,44,10,23,28,6,90,72362,75794,program_database
859,2025-07-01,2025-07-31,2025-08-04 00:00:00,District G,CENTER_17,Vocational Training,90,51,15,24,29,6,75,61509,55205,monthly_center_report
860,2025-03-01,2025-03-31,2025-04-02 00:00:00,District C,CENTER_11,Vocational Training,38,35,2,1,12,2,91,236658,158463,monthly_center_report
861,2025-05-01,2025-05-31,2025-06-04 00:00:00,District A,CENTER_14,Entrepreneurship,77,46,13,18,16,6,120,214220,130822,monthly_center_report
862,2025-04-01,2025-04-30,2025-05-04 00:00:00,District C,CENTER_04,Vocational Training,20,13,3,4,9,2,70,53200,31947,monthly_center_report
863,2025-09-01,2025-09-30,2025-10-05 00:00:00,District H,CENTER_16,Career Readiness,20,40,0,4,8,2,93,179359,104233,monthly_center_report
864,2025-08-01,2025-08-31,2025-09-01 00:00:00,District D,CENTER_07,Career Readiness,72,54,4,14,30,4,62,70815,74238,monthly_center_report
865,2025-10-01,2025-10-31,2025-11-04 00:00:00,District A,CENTER_08,Entrepreneurship,100,87,5,8,48,8,34,104430,89560,monthly_center_report
866,2025-01-01,2025-01-31,2025-02-03 00:00:00,District A,CENTER_06,Vocational Training,64,43,20,1,22,5,57,88109,75945,monthly_center_report
867,2025-06-01,2025-06-30,2025-07-06 00:00:00,District A,CENTER_19,Entrepreneurship,31,23,8,0,16,2,34,78544,59932,monthly_center_report
868,2025-11-01,2025-11-30,2025-12-07 00:00:00,District G,CENTER_06,Vocational Training,56,33,4,19,12,4,24,223257,221761,monthly_center_report
869,2025-01-01,2025-01-31,2025-02-01 00:00:00,District C,CENTER_15,Entrepreneurship,31,22,5,4,8,3,112,134625,87144,monthly_center_report
870,2025-07-01,2025-07-31,2025-08-01 00:00:00,District F,CENTER_13,Digital Skills,90,62,26,2,15,5,102,126764,95968,program_database
871,2025-12-01,2025-12-31,2026-01-01 00:00:00,District H,CENTER_05,Digital Skills,55,48,2,5,20,5,73,188163,172509,program_database
872,2025-12-01,2025-12-31,2026-01-05 00:00:00,District G,CENTER_17,Vocational Training,46,39,7,0,13,3,70,78652,43692,program_database
873,2025-07-01,2025-07-31,2025-08-04 00:00:00,District B,CENTER_16,Entrepreneurship,97,69,1,27,26,7,29,132965,105131,monthly_center_report
874,2025-03-01,2025-03-31,2025-04-05 00:00:00,District E,CENTER_17,Entrepreneurship,98,54,8,36,33,5,31,180127,122469,program_database
875,2025-10-01,2025-10-31,2025-11-04 00:00:00,District H,CENTER_16,Vocational Training,49,41,4,4,27,4,23,100739,62312,monthly_center_report
876,2025-08-01,2025-08-31,2025-09-05 00:00:00,District A,CENTER_04,Digital Skills,100,76,21,3,22,7,114,243322,160008,monthly_center_report
877,2025-07-01,2025-07-31,2025-08-05 00:00:00,District D,CENTER_20,Career Readiness,25,13,7,5,5,2,37,141658,94995,monthly_center_report
878,2025-12-01,2025-12-31,2026-01-06 00:00:00,District D,CENTER_01,Vocational Training,56,52,2,2,35,4,99,67782,64444,program_database
879,2025-01-01,2025-01-31,2025-02-03 00:00:00,District E,CENTER_10,Entrepreneurship,34,31,1,2,7,2,55,139485,110740,monthly_center_report
880,2025-03-01,2025-03-31,2025-04-05 00:00:00,District G,CENTER_19,Digital Skills,44,26,8,10,6,3,44,138588,114193,monthly_center_report
881,2025-11-01,2025-11-30,2025-12-06 00:00:00,District H,CENTER_16,Digital Skills,37,27,3,7,8,3,106,90733,88208,monthly_center_report
882,2025-08-01,2025-08-31,2025-09-02 00:00:00,District H,CENTER_18,Entrepreneurship,72,42,1,29,21,5,95,244664,194292,program_database
883,2025-10-01,2025-10-31,2025-11-03 00:00:00,District A,CENTER_17,Entrepreneurship,60,36,7,17,10,4,117,190479,135685,monthly_center_report
884,2025-06-01,2025-06-30,2025-07-05 00:00:00,District A,CENTER_07,Entrepreneurship,28,23,4,1,16,2,55,123520,97334,monthly_center_report
885,2025-11-01,2025-11-30,2025-12-07 00:00:00,District A,CENTER_11,Career Readiness,88,61,1,26,26,5,120,93507,69871,monthly_center_report
886,2025-05-01,2025-05-31,2025-06-01 00:00:00,District G,CENTER_06,Digital Skills,60,44,15,1,20,4,86,121171,114204,monthly_center_report
887,2025-04-01,2025-04-30,2025-05-02 00:00:00,District G,CENTER_03,Career Readiness,67,60,0,7,19,5,28,129332,132910,program_database
888,2025-03-01,2025-03-31,2025-04-02 00:00:00,District D,CENTER_17,Entrepreneurship,34,29,3,2,13,2,80,59802,42322,monthly_center_report
889,2025-09-01,2025-09-30,2025-10-06 00:00:00,District D,CENTER_03,Career Readiness,23,18,2,3,10,2,72,181086,139219,program_database
890,2025-08-01,2025-08-31,2025-09-02 00:00:00,District C,CENTER_07,Entrepreneurship,87,56,12,19,32,5,37,135809,131793,monthly_center_report
891,2025-04-01,2025-04-30,2025-05-03 00:00:00,District C,CENTER_04,Vocational Training,24,13,4,7,8,2,62,151603,151736,program_database
892,2025-01-01,2025-01-31,2025-02-05 00:00:00,District B,CENTER_01,Entrepreneurship,96,70,24,2,34,5,54,137369,119318,monthly_center_report
893,2025-09-01,2025-09-30,2025-10-05 00:00:00,District H,CENTER_02,Digital Skills,59,48,11,0,31,5,82,201403,200911,monthly_center_report
894,2025-04-01,2025-04-30,2025-05-07 00:00:00,District E,CENTER_07,Entrepreneurship,44,35,5,4,21,3,117,122522,104997,monthly_center_report
895,2025-05-01,2025-05-31,2025-06-01 00:00:00,District F,CENTER_15,Digital Skills,39,22,12,5,13,3,97,121732,98506,monthly_center_report
896,2025-04-01,2025-04-30,2025-05-06 00:00:00,District B,CENTER_01,Digital Skills,89,54,13,22,12,5,23,194012,178242,monthly_center_report
897,2025-12-01,2025-12-31,2026-01-01 00:00:00,District F,CENTER_09,Vocational Training,56,42,5,9,9,5,112,114179,101632,program_database
898,2025-10-01,2025-10-31,2025-11-02 00:00:00,District C,CENTER_03,Entrepreneurship,63,35,11,17,11,4,60,166299,98514,monthly_center_report
899,2025-08-01,2025-08-31,2025-09-07 00:00:00,District A,CENTER_05,Digital Skills,26,21,5,0,11,2,64,150558,88233,program_database
900,2025-07-01,2025-07-31,2025-08-01 00:00:00,District A,CENTER_03,Career Readiness,42,24,0,18,10,3,69,215011,119557,program_database
901,2025-05-01,2025-05-31,2025-06-03 00:00:00,District H,CENTER_20,Entrepreneurship,62,57,4,1,23,4,98,236882,217636,monthly_center_report
902,2025-02-01,2025-02-28,2025-03-05 00:00:00,District B,CENTER_15,Vocational Training,79,54,22,3,35,5,47,169428,118306,program_database
903,2025-04-01,2025-04-30,2025-05-02 00:00:00,District E,CENTER_15,Career Readiness,48,33,11,4,21,3,61,211727,198457,program_database
904,2025-03-01,2025-03-31,2025-04-07 00:00:00,District E,CENTER_12,Career Readiness,62,50,0,12,33,5,99,135134,86836,monthly_center_report
905,2025-02-01,2025-02-28,2025-03-01 00:00:00,District H,CENTER_16,Digital Skills,80,49,24,7,17,4,95,142128,85162,program_database
906,2025-05-01,2025-05-31,2025-06-06 00:00:00,District H,CENTER_15,Vocational Training,64,52,3,9,28,4,88,200648,187041,monthly_center_report
907,2025-07-01,2025-07-31,2025-08-03 00:00:00,District C,CENTER_17,Digital Skills,33,21,7,5,7,3,117,195791,109735,monthly_center_report
908,2025-07-01,2025-07-31,2025-08-03 00:00:00,District B,CENTER_10,Career Readiness,95,55,14,26,16,8,20,112541,116359,program_database
909,2025-08-01,2025-08-31,2025-09-01 00:00:00,District D,CENTER_18,Vocational Training,69,46,21,2,13,5,58,139316,130206,monthly_center_report
910,2025-07-01,2025-07-31,2025-08-05 00:00:00,District D,CENTER_19,Career Readiness,92,73,9,10,27,5,115,192744,142817,monthly_center_report
911,2025-12-01,2025-12-31,2026-01-01 00:00:00,District D,CENTER_06,Digital Skills,93,58,4,31,24,5,109,79969,48836,monthly_center_report
912,2025-08-01,2025-08-31,2025-09-02 00:00:00,District H,CENTER_11,Digital Skills,42,33,5,4,20,3,36,156376,146573,program_database
913,2025-11-01,2025-11-30,2025-12-01 00:00:00,District B,CENTER_20,Digital Skills,96,77,7,12,20,6,110,135828,110720,manual_submission
914,2025-04-01,2025-04-30,2025-05-03 00:00:00,District H,CENTER_02,Digital Skills,37,20,17,0,11,3,107,248463,256971,monthly_center_report
915,2025-09-01,2025-09-30,2025-10-07 00:00:00,District C,CENTER_05,Career Readiness,57,49,2,6,23,5,54,211368,147199,program_database
916,2025-11-01,2025-11-30,2025-12-01 00:00:00,District H,CENTER_07,Vocational Training,60,56,2,2,19,4,65,199494,169757,manual_submission
917,2025-02-01,2025-02-28,2025-03-05 00:00:00,District E,CENTER_14,Entrepreneurship,94,73,21,0,33,6,61,210298,194323,monthly_center_report
918,2025-01-01,2025-01-31,2025-02-07 00:00:00,District G,CENTER_05,Entrepreneurship,67,58,1,8,20,6,58,63927,56143,monthly_center_report
919,2025-02-01,2025-02-28,2025-03-06 00:00:00,District A,CENTER_18,Entrepreneurship,56,33,23,0,16,4,109,111667,80303,program_database
920,2025-11-01,2025-11-30,2025-12-04 00:00:00,District G,CENTER_19,Career Readiness,60,55,0,5,23,4,68,150346,99575,program_database
921,2025-09-01,2025-09-30,2025-10-01 00:00:00,District G,CENTER_13,Career Readiness,47,32,10,5,9,3,81,174484,133661,program_database
922,2025-06-01,2025-06-30,2025-07-05 00:00:00,District C,CENTER_07,Career Readiness,73,52,17,4,13,4,57,125620,107589,monthly_center_report
923,2025-02-01,2025-02-28,2025-03-07 00:00:00,District C,CENTER_05,Digital Skills,22,20,2,0,9,2,42,239094,160275,monthly_center_report
924,2025-02-01,2025-02-28,2025-03-05 00:00:00,District H,CENTER_14,Vocational Training,37,22,2,13,14,3,41,169545,109989,monthly_center_report
925,2025-08-01,2025-08-31,2025-09-06 00:00:00,District G,CENTER_20,Vocational Training,85,76,3,6,28,6,23,194716,169968,monthly_center_report
926,2025-04-01,2025-04-30,2025-05-03 00:00:00,District H,CENTER_13,Entrepreneurship,43,28,2,13,16,3,68,208485,199723,monthly_center_report
927,2025-12-01,2025-12-31,2026-01-05 00:00:00,District A,CENTER_19,Career Readiness,50,44,1,5,23,3,78,181525,176670,program_database
928,2025-01-01,2025-01-31,2025-02-07 00:00:00,District E,CENTER_14,Entrepreneurship,24,22,0,2,15,2,92,176685,119460,monthly_center_report
929,2025-12-01,2025-12-31,2026-01-05 00:00:00,District F,CENTER_04,Career Readiness,30,25,4,1,15,2,87,241413,188367,program_database
930,2025-09-01,2025-09-30,2025-10-05 00:00:00,District E,CENTER_15,Digital Skills,98,86,11,1,42,5,90,114285,104484,monthly_center_report
931,2025-10-01,2025-10-31,2025-11-05 00:00:00,District H,CENTER_03,Entrepreneurship,26,22,2,2,12,2,106,190255,167059,monthly_center_report
932,2025-09-01,2025-09-30,2025-10-02 00:00:00,District A,CENTER_16,Career Readiness,80,49,10,21,32,5,21,160366,131903,monthly_center_report
933,2025-03-01,2025-03-31,2025-04-02 00:00:00,District F,CENTER_10,Entrepreneurship,24,22,0,2,9,2,68,206666,210529,monthly_center_report
934,2025-01-01,2025-01-31,2025-02-03 00:00:00,District E,CENTER_19,Entrepreneurship,100,56,14,30,20,8,107,201556,127465,monthly_center_report
935,2025-11-01,2025-11-30,2025-12-01 00:00:00,District C,CENTER_19,Digital Skills,57,34,0,23,7,4,114,213660,195069,manual_submission
936,2025-02-01,2025-02-28,2025-03-05 00:00:00,District A,CENTER_10,Career Readiness,36,31,1,4,19,3,50,70148,46070,program_database
937,2025-10-01,2025-10-31,2025-11-06 00:00:00,District E,CENTER_09,Vocational Training,55,41,10,4,25,5,59,117359,113879,monthly_center_report
938,2025-10-01,2025-10-31,2025-11-01 00:00:00,District A,CENTER_04,Vocational Training,39,32,0,7,8,4,67,146932,120648,monthly_center_report
939,2025-08-01,2025-08-31,2025-09-06 00:00:00,District C,CENTER_09,Vocational Training,43,33,2,8,16,3,70,58674,47184,manual_submission
940,2025-10-01,2025-10-31,2025-11-01 00:00:00,District F,CENTER_03,Vocational Training,39,26,0,13,11,3,62,180009,149859,monthly_center_report
941,2025-11-01,2025-11-30,2025-12-03 00:00:00,District G,CENTER_13,Vocational Training,76,62,3,11,16,5,117,217136,214239,monthly_center_report
942,2025-01-01,2025-01-31,2025-02-05 00:00:00,District C,CENTER_07,Entrepreneurship,53,42,10,1,29,4,74,63768,59339,monthly_center_report
943,2025-08-01,2025-08-31,2025-09-05 00:00:00,District C,CENTER_15,Career Readiness,58,35,8,15,11,3,107,245598,191757,manual_submission
944,2025-08-01,2025-08-31,2025-09-04 00:00:00,District D,CENTER_13,Career Readiness,53,29,20,4,7,4,68,189052,127296,monthly_center_report
945,2025-08-01,2025-08-31,2025-09-06 00:00:00,District G,CENTER_01,Entrepreneurship,68,57,1,10,28,5,109,132755,138849,monthly_center_report
946,2025-07-01,2025-07-31,2025-08-01 00:00:00,District A,CENTER_04,Entrepreneurship,98,57,0,41,32,5,99,121457,91183,manual_submission
947,2025-02-01,2025-02-28,2025-03-01 00:00:00,District F,CENTER_09,Entrepreneurship,52,45,1,6,10,3,76,170876,111414,monthly_center_report
948,2025-09-01,2025-09-30,2025-10-02 00:00:00,District D,CENTER_19,Vocational Training,63,48,10,5,25,5,96,132121,121093,monthly_center_report
949,2025-01-01,2025-01-31,2025-02-04 00:00:00,District A,CENTER_01,Digital Skills,72,57,12,3,27,4,34,187694,120877,monthly_center_report
950,2025-04-01,2025-04-30,2025-05-07 00:00:00,District B,CENTER_15,Entrepreneurship,56,38,10,8,10,4,46,100614,94767,program_database
951,2025-01-01,2025-01-31,2025-02-07 00:00:00,District A,CENTER_01,Digital Skills,96,74,1,21,21,6,87,106839,59040,monthly_center_report
952,2025-10-01,2025-10-31,2025-11-02 00:00:00,District B,CENTER_04,Digital Skills,36,30,3,3,15,3,99,222069,666207,manual_submission
953,2025-05-01,2025-05-31,2025-06-02 00:00:00,District C,CENTER_04,Vocational Training,57,48,2,7,17,5,83,223140,145317,program_database
954,2025-07-01,2025-07-31,2025-08-02 00:00:00,District B,CENTER_15,Entrepreneurship,61,56,3,2,37,4,113,92458,67861,monthly_center_report
955,2025-07-01,2025-07-31,2025-08-06 00:00:00,District B,CENTER_09,Digital Skills,69,46,13,10,28,5,49,65744,41053,manual_submission
956,2025-08-01,2025-08-31,2025-09-06 00:00:00,District E,CENTER_09,Vocational Training,28,18,3,7,12,2,55,102604,101406,monthly_center_report
957,2025-02-01,2025-02-28,2025-03-03 00:00:00,District G,CENTER_06,Career Readiness,38,36,0,2,12,2,86,163050,119703,monthly_center_report
958,2025-08-01,2025-08-31,2025-09-03 00:00:00,District D,CENTER_20,Digital Skills,53,38,12,3,26,3,105,59138,53876,monthly_center_report
959,2025-08-01,2025-08-31,2025-09-02 00:00:00,District B,CENTER_03,Entrepreneurship,22,19,0,3,8,2,105,89021,75358,monthly_center_report
960,2025-05-01,2025-05-31,2025-06-04 00:00:00,District A,CENTER_02,Career Readiness,39,27,1,11,10,3,68,136463,103208,monthly_center_report
961,2025-09-01,2025-09-30,2025-10-01 00:00:00,District G,CENTER_19,Digital Skills,82,67,0,15,15,7,95,164309,90634,monthly_center_report
962,2025-01-01,2025-01-31,2025-02-06 00:00:00,District G,CENTER_03,Vocational Training,69,55,3,11,12,4,74,176370,128352,monthly_center_report
963,2025-06-01,2025-06-30,2025-07-04 00:00:00,District B,CENTER_19,Entrepreneurship,58,50,2,6,27,4,104,64468,38454,program_database
964,2025-02-01,2025-02-28,2025-03-05 00:00:00,District B,CENTER_12,Entrepreneurship,78,61,8,9,26,4,75,219814,173759,monthly_center_report
965,2025-07-01,2025-07-31,2025-08-06 00:00:00,District D,CENTER_06,Digital Skills,44,35,5,4,11,4,87,232421,135368,manual_submission
966,2025-08-01,2025-08-31,2025-09-06 00:00:00,District G,CENTER_04,Entrepreneurship,30,23,0,7,12,3,114,242760,201670,monthly_center_report
967,2025-04-01,2025-04-30,2025-05-03 00:00:00,District D,CENTER_05,Digital Skills,23,17,1,5,6,2,63,205437,174979,monthly_center_report
968,2025-02-01,2025-02-28,2025-03-01 00:00:00,District D,CENTER_16,Career Readiness,89,73,7,9,36,7,50,180989,172391,monthly_center_report
969,2025-06-01,2025-06-30,2025-07-01 00:00:00,District H,CENTER_01,Digital Skills,27,17,5,5,6,2,77,239008,230051,monthly_center_report
970,2025-04-01,2025-04-30,2025-05-07 00:00:00,District A,CENTER_13,Digital Skills,86,64,8,14,39,5,106,227754,134039,monthly_center_report
971,2025-02-01,2025-02-28,2025-03-07 00:00:00,District C,CENTER_19,Vocational Training,24,13,0,11,8,2,72,87117,62473,program_database
972,2025-10-01,2025-10-31,2025-11-07 00:00:00,District H,CENTER_01,Career Readiness,25,21,3,1,9,2,103,233840,211354,manual_submission
973,2025-11-01,2025-11-30,2025-12-07 00:00:00,District C,CENTER_01,Vocational Training,26,22,2,2,8,2,98,75504,61055,manual_submission
974,2025-10-01,2025-10-31,2025-11-05 00:00:00,District H,CENTER_20,Vocational Training,28,20,7,1,8,2,42,79931,49855,monthly_center_report
975,2025-02-01,2025-02-28,2025-03-05 00:00:00,District H,CENTER_20,Vocational Training,45,30,2,13,18,3,47,138432,106178,program_database
976,2025-11-01,2025-11-30,2025-12-06 00:00:00,District G,CENTER_11,Digital Skills,93,54,5,34,20,8,35,86000,56786,monthly_center_report
977,2025-10-01,2025-10-31,2025-11-02 00:00:00,District F,CENTER_07,Digital Skills,42,33,4,5,10,3,56,66573,61102,monthly_center_report
978,2025-07-01,2025-07-31,2025-08-03 00:00:00,District B,CENTER_09,Vocational Training,-5,38,1,2,9,1,40,195072,198301,program_database
979,2025-10-01,2025-10-31,2025-11-03 00:00:00,District C,CENTER_15,Vocational Training,25,20,4,1,9,2,98,76205,57963,monthly_center_report
980,2025-08-01,2025-08-31,2025-09-07 00:00:00,District G,CENTER_06,Digital Skills,30,24,6,0,11,2,36,51893,48926,monthly_center_report
981,2025-07-01,2025-07-31,2025-08-06 00:00:00,District C,CENTER_03,Entrepreneurship,80,47,25,8,29,6,56,104043,78547,monthly_center_report
982,2025-07-01,2025-07-31,2025-08-04 00:00:00,District C,CENTER_09,Career Readiness,50,44,5,1,14,3,96,210048,155838,monthly_center_report
983,2025-12-01,2025-12-31,2026-01-02 00:00:00,District A,CENTER_20,Vocational Training,83,64,0,19,25,6,38,73074,61666,program_database
984,2025-01-01,2025-01-31,2025-02-06 00:00:00,District E,CENTER_12,Career Readiness,91,56,20,15,34,6,49,100306,73335,monthly_center_report
985,2025-10-01,2025-10-31,2025-11-02 00:00:00,District B,CENTER_17,Digital Skills,66,45,4,17,28,4,64,183048,103074,manual_submission
986,2025-05-01,2025-05-31,2025-06-02 00:00:00,District D,CENTER_15,Vocational Training,26,14,9,3,5,3,37,79538,76821,monthly_center_report
987,2025-03-01,2025-03-31,2025-04-02 00:00:00,District C,CENTER_16,Career Readiness,40,26,4,10,11,3,97,61302,49595,monthly_center_report
988,2025-04-01,2025-04-30,2025-05-06 00:00:00,District A,CENTER_12,Entrepreneurship,75,50,17,8,18,4,81,137633,140432,monthly_center_report
989,2025-12-01,2025-12-31,2026-01-07 00:00:00,District H,CENTER_02,Digital Skills,26,16,2,8,11,2,55,96107,73505,monthly_center_report
990,2025-09-01,2025-09-30,2025-10-03 00:00:00,District C,CENTER_01,Career Readiness,34,30,4,0,8,2,119,111682,108439,monthly_center_report
991,2025-07-01,2025-07-31,2025-08-03 00:00:00,District H,CENTER_19,Entrepreneurship,45,28,7,10,19,4,103,110309,104939,program_database
992,2025-02-01,2025-02-28,2025-03-07 00:00:00,District B,CENTER_11,Vocational Training,50,36,3,11,20,4,71,158159,125180,program_database
993,2025-02-01,2025-02-28,2025-03-02 00:00:00,District D,CENTER_13,Vocational Training,80,48,1,31,22,6,38,64244,37923,manual_submission
994,2025-10-01,2025-10-31,2025-11-04 00:00:00,District G,CENTER_05,Vocational Training,78,65,11,2,14,5,63,151536,120960,program_database
995,2025-12-01,2025-12-31,2026-01-01 00:00:00,District F,CENTER_05,Career Readiness,44,31,3,10,14,3,26,144002,131726,program_database
996,2025-03-01,2025-03-31,2025-04-06 00:00:00,District E,CENTER_07,Entrepreneurship,24,20,0,4,8,2,63,65637,41315,monthly_center_report
997,2025-08-01,2025-08-31,2025-09-01 00:00:00,District E,CENTER_05,Digital Skills,78,61,4,13,17,5,87,94879,58604,program_database
998,2025-10-01,2025-10-31,2025-11-07 00:00:00,District F,CENTER_08,Entrepreneurship,40,34,0,6,18,3,53,217247,190846,monthly_center_report
999,2025-02-01,2025-02-28,2025-03-04 00:00:00,District C,CENTER_19,Vocational Training,72,67,1,4,46,5,85,178244,104179,monthly_center_report
1000,2025-08-01,2025-08-31,2025-09-06 00:00:00,District D,CENTER_19,Career Readiness,55,31,24,0,15,4,88,241369,166808,monthly_center_report
1001,2025-06-01,2025-06-30,2025-07-07 00:00:00,District G,CENTER_08,Vocational Training,75,49,8,18,27,4,74,108302,72940,monthly_center_report
1002,2025-07-01,2025-07-31,2025-08-02 00:00:00,District C,CENTER_19,Digital Skills,25,22,3,0,5,2,29,173378,116990,monthly_center_report
1003,2025-08-01,2025-08-31,2025-09-03 00:00:00,District A,CENTER_14,Career Readiness,32,21,4,7,9,3,115,179836,167193,manual_submission
1004,2025-12-01,2025-12-31,2026-01-01 00:00:00,District D,CENTER_03,Digital Skills,72,52,14,6,13,6,61,84789,79562,monthly_center_report
1005,2025-11-01,2025-11-30,2025-12-05 00:00:00,District F,CENTER_10,Vocational Training,31,17,14,0,9,3,60,175772,139525,monthly_center_report
1006,2025-10-01,2025-10-31,2025-11-05 00:00:00,District E,CENTER_06,Career Readiness,94,52,41,1,35,7,96,169233,98379,monthly_center_report
1007,2025-03-01,2025-03-31,2025-04-04 00:00:00,District H,CENTER_05,Career Readiness,67,61,1,5,32,5,88,171712,106396,monthly_center_report
1008,2025-12-01,2025-12-31,2026-01-02 00:00:00,District A,CENTER_03,Career Readiness,62,47,14,1,11,4,29,127749,96520,monthly_center_report
1009,2025-11-01,2025-11-30,2025-12-01 00:00:00,District G,CENTER_09,Vocational Training,30,20,1,9,8,2,29,138000,137988,monthly_center_report
1010,2025-01-01,2025-01-31,2025-02-02 00:00:00,District A,CENTER_17,Entrepreneurship,34,18,4,12,9,2,110,145837,128612,monthly_center_report
1011,2025-06-01,2025-06-30,2025-07-01 00:00:00,District H,CENTER_20,Digital Skills,66,61,4,1,24,6,79,219914,182547,monthly_center_report
1012,2025-03-01,2025-03-31,2025-04-04 00:00:00,District B,CENTER_18,Vocational Training,62,57,4,1,35,4,70,191461,110306,program_database
1013,2025-12-01,2025-12-31,2026-01-04 00:00:00,District B,CENTER_16,Vocational Training,48,34,9,5,21,3,40,142461,96884,program_database
1014,2025-05-01,2025-05-31,2025-06-05 00:00:00,District E,CENTER_17,Career Readiness,26,21,5,0,11,3,27,147730,153735,monthly_center_report
1015,2025-09-01,2025-09-30,2025-10-02 00:00:00,District F,CENTER_15,Career Readiness,87,56,24,7,22,5,84,173250,151955,monthly_center_report
1016,2025-11-01,2025-11-30,2025-12-06 00:00:00,District E,CENTER_15,Entrepreneurship,28,17,8,3,6,2,111,170028,141576,monthly_center_report
1017,2025-03-01,2025-03-31,2025-04-05 00:00:00,District B,CENTER_03,Career Readiness,56,41,13,2,10,5,97,78669,81501,program_database
1018,2025-12-01,2025-12-31,2026-01-02 00:00:00,District C,CENTER_09,Digital Skills,38,30,1,7,11,3,104,89452,64830,monthly_center_report
1019,2025-05-01,2025-05-31,2025-06-05 00:00:00,District D,CENTER_17,Digital Skills,73,43,9,21,17,5,49,191933,120077,monthly_center_report
1020,2025-07-01,2025-07-31,2025-08-06 00:00:00,District C,CENTER_16,Entrepreneurship,76,48,5,23,26,6,104,219000,147930,program_database
1021,2025-02-01,2025-02-28,2025-03-03 00:00:00,District A,CENTER_10,Vocational Training,22,19,2,1,10,2,68,186215,154672,monthly_center_report
1022,2025-11-01,2025-11-30,2025-12-03 00:00:00,District F,CENTER_14,Entrepreneurship,61,46,0,15,11,3,28,205545,124844,monthly_center_report
1023,2025-10-01,2025-10-31,2025-11-03 00:00:00,District H,CENTER_15,Entrepreneurship,36,32,2,2,13,2,36,95019,86600,monthly_center_report
1024,2025-06-01,2025-06-30,2025-07-03 00:00:00,District E,CENTER_08,Career Readiness,56,32,0,24,9,4,88,62404,56408,manual_submission
1025,2025-08-01,2025-08-31,2025-09-07 00:00:00,District C,CENTER_12,Entrepreneurship,41,31,1,9,9,3,77,92150,54447,program_database
1026,2025-12-01,2025-12-31,2026-01-01 00:00:00,District E,CENTER_06,Vocational Training,39,28,9,2,17,3,76,112365,89032,program_database
1027,2025-10-01,2025-10-31,2025-11-07 00:00:00,District B,CENTER_02,Entrepreneurship,36,22,7,7,5,3,81,118264,120966,monthly_center_report
1028,2025-09-01,2025-09-30,2025-10-07 00:00:00,District F,CENTER_06,Vocational Training,24,21,1,2,9,2,114,140137,123952,monthly_center_report
1029,2025-09-01,2025-09-30,2025-10-07 00:00:00,District C,CENTER_12,Career Readiness,40,29,3,8,8,3,71,129052,97548,manual_submission
1030,2025-08-01,2025-08-31,2025-09-03 00:00:00,District B,CENTER_01,Career Readiness,38,30,1,7,19,2,80,133943,110197,manual_submission
1031,2025-11-01,2025-11-30,2025-12-06 00:00:00,District C,CENTER_01,Entrepreneurship,57,32,10,15,15,4,59,125976,101568,monthly_center_report
1032,2025-06-01,2025-06-30,2025-07-04 00:00:00,District C,CENTER_19,Career Readiness,34,29,0,5,9,3,57,175562,136871,program_database
1033,2025-05-01,2025-05-31,2025-06-04 00:00:00,District A,CENTER_05,Digital Skills,23,13,4,6,6,2,62,211879,199831,monthly_center_report
1034,2025-02-01,2025-02-28,2025-03-01 00:00:00,District D,CENTER_15,Entrepreneurship,61,38,22,1,21,5,82,209423,142263,monthly_center_report
1035,2025-05-01,2025-05-31,2025-06-03 00:00:00,District D,CENTER_19,Vocational Training,45,27,18,0,18,4,38,71912,51424,program_database
1036,2025-04-01,2025-04-30,2025-05-03 00:00:00,District H,CENTER_03,Career Readiness,82,69,8,5,21,7,119,208117,168510,monthly_center_report
1037,2025-03-01,2025-03-31,2025-04-03 00:00:00,District A,CENTER_12,Career Readiness,74,46,17,11,30,5,69,151217,149540,manual_submission
1038,2025-06-01,2025-06-30,2025-07-05 00:00:00,District F,CENTER_01,Entrepreneurship,64,57,3,4,38,4,52,166805,164351,monthly_center_report
1039,2025-12-01,2025-12-31,2026-01-02 00:00:00,District B,CENTER_07,Career Readiness,73,47,1,25,31,5,32,165999,128752,monthly_center_report
1040,2025-12-01,2025-12-31,2026-01-05 00:00:00,District E,CENTER_06,Career Readiness,73,68,4,1,35,6,97,203925,190875,manual_submission
1041,2025-05-01,2025-05-31,2025-06-02 00:00:00,District B,CENTER_05,Vocational Training,80,44,3,33,23,4,116,137927,80356,manual_submission
1042,2025-02-01,2025-02-28,2025-03-03 00:00:00,District B,CENTER_19,Career Readiness,20,14,3,3,6,1,81,217459,218461,monthly_center_report
1043,2025-09-01,2025-09-30,2025-10-03 00:00:00,District E,CENTER_14,Vocational Training,79,60,1,18,35,4,112,247982,198114,monthly_center_report
1044,2025-07-01,2025-07-31,2025-08-05 00:00:00,District C,CENTER_07,Vocational Training,57,33,7,17,15,4,62,178604,156883,monthly_center_report
1045,2025-08-01,2025-08-31,2025-09-05 00:00:00,District A,CENTER_10,Entrepreneurship,91,79,1,11,43,6,68,171491,126939,monthly_center_report
1046,2025-03-01,2025-03-31,2025-04-02 00:00:00,District D,CENTER_01,Digital Skills,53,45,4,4,19,3,55,217917,224942,manual_submission
1047,2025-07-01,2025-07-31,2025-08-04 00:00:00,District H,CENTER_04,Entrepreneurship,42,26,1,15,15,3,29,230313,186936,manual_submission
1048,2025-05-01,2025-05-31,2025-06-02 00:00:00,District D,CENTER_01,Digital Skills,83,55,26,2,34,7,114,206995,195905,monthly_center_report
1049,2025-10-01,2025-10-31,2025-11-05 00:00:00,District F,CENTER_19,Career Readiness,75,58,9,8,16,6,25,214625,186142,monthly_center_report
1050,2025-09-01,2025-09-30,2025-10-06 00:00:00,District H,CENTER_04,Entrepreneurship,93,80,13,0,49,6,76,118036,88289,monthly_center_report
1051,2025-03-01,2025-03-31,2025-04-05 00:00:00,District C,CENTER_19,Digital Skills,60,54,3,3,25,3,20,231739,189218,manual_submission
1052,2025-01-01,2025-01-31,2025-02-06 00:00:00,District C,CENTER_12,Vocational Training,54,33,10,11,21,4,90,159973,143647,monthly_center_report
1053,2025-05-01,2025-05-31,2025-06-01 00:00:00,District F,CENTER_02,Entrepreneurship,87,75,2,10,31,6,77,70139,49685,monthly_center_report
1054,2025-10-01,2025-10-31,2025-11-05 00:00:00,District D,CENTER_06,Digital Skills,41,36,1,4,14,4,110,134569,134982,monthly_center_report
1055,2025-11-01,2025-11-30,2025-12-01 00:00:00,District F,CENTER_10,Entrepreneurship,66,43,20,3,28,4,40,190095,198033,monthly_center_report
1056,2025-03-01,2025-03-31,2025-04-04 00:00:00,District F,CENTER_05,Digital Skills,86,52,16,18,17,5,111,147783,96207,monthly_center_report
1057,2025-03-01,2025-03-31,2025-04-02 00:00:00,District H,CENTER_14,Entrepreneurship,33,20,10,3,12,3,99,90515,90242,monthly_center_report
1058,2025-07-01,2025-07-31,2025-08-06 00:00:00,District D,CENTER_07,Digital Skills,78,63,13,2,28,4,75,80556,50432,manual_submission
1059,2025-06-01,2025-06-30,2025-07-02 00:00:00,District C,CENTER_01,Career Readiness,59,42,6,11,19,3,106,86441,74136,manual_submission
1060,2025-03-01,2025-03-31,2025-04-01 00:00:00,District H,CENTER_20,Entrepreneurship,58,33,25,0,12,5,39,245155,242999,program_database
1061,2025-12-01,2025-12-31,2026-01-06 00:00:00,District B,CENTER_08,Vocational Training,38,33,0,5,16,3,73,109395,87800,monthly_center_report
1062,2025-03-01,2025-03-31,2025-04-02 00:00:00,District E,CENTER_05,Vocational Training,30,28,1,1,10,3,44,231093,175371,monthly_center_report
1063,2025-08-01,2025-08-31,2025-09-05 00:00:00,District B,CENTER_03,Digital Skills,75,70,5,0,15,4,47,101472,89697,monthly_center_report
1064,2025-08-01,2025-08-31,2025-09-03 00:00:00,District B,CENTER_02,Digital Skills,35,28,3,4,9,2,24,61345,38830,monthly_center_report
1065,2025-02-01,2025-02-28,2025-03-01 00:00:00,District B,CENTER_10,Digital Skills,35,31,0,4,6,2,40,103844,79310,manual_submission
1066,2025-01-01,2025-01-31,2025-02-02 00:00:00,District D,CENTER_06,Entrepreneurship,31,19,10,2,13,2,37,245611,136634,monthly_center_report
1067,2025-06-01,2025-06-30,2025-07-01 00:00:00,District E,CENTER_19,Entrepreneurship,40,30,2,8,20,3,66,240986,196090,monthly_center_report
1068,2025-02-01,2025-02-28,2025-03-07 00:00:00,District D,CENTER_17,Digital Skills,94,78,16,0,31,5,89,188631,187712,manual_submission
1069,2025-03-01,2025-03-31,2025-04-01 00:00:00,District D,CENTER_07,Entrepreneurship,88,51,37,0,29,6,76,240145,219912,manual_submission
1070,2025-06-01,2025-06-30,2025-07-06 00:00:00,District B,CENTER_07,Career Readiness,95,59,25,11,22,7,112,165255,161799,monthly_center_report
1071,2025-07-01,2025-07-31,2025-08-07 00:00:00,District B,CENTER_06,Entrepreneurship,74,64,7,3,34,4,38,184807,151615,monthly_center_report
1072,2025-06-01,2025-06-30,2025-07-06 00:00:00,District D,CENTER_14,Digital Skills,35,29,3,3,17,2,116,78918,55808,monthly_center_report
1073,2025-12-01,2025-12-31,2026-01-03 00:00:00,District C,CENTER_16,Entrepreneurship,56,41,14,1,28,4,84,71560,68756,monthly_center_report
1074,2025-07-01,2025-07-31,2025-08-07 00:00:00,District F,CENTER_16,Digital Skills,56,41,1,14,16,3,22,207388,151164,monthly_center_report
1075,2025-09-01,2025-09-30,2025-10-05 00:00:00,District E,CENTER_15,Vocational Training,72,53,10,9,31,4,61,162187,156368,monthly_center_report
1076,2025-11-01,2025-11-30,2025-12-01 00:00:00,District D,CENTER_03,Career Readiness,67,45,17,5,15,5,40,53351,33978,manual_submission
1077,2025-08-01,2025-08-31,2025-09-02 00:00:00,District H,CENTER_04,Career Readiness,86,71,13,2,49,4,118,81252,78244,monthly_center_report
1078,2025-12-01,2025-12-31,2026-01-04 00:00:00,District C,CENTER_13,Career Readiness,95,56,33,6,12,8,59,244361,163706,monthly_center_report
1079,2025-04-01,2025-04-30,2025-05-01 00:00:00,District C,CENTER_03,Entrepreneurship,63,38,19,6,19,5,86,205965,149112,monthly_center_report
1080,2025-07-01,2025-07-31,2025-08-01 00:00:00,District G,CENTER_04,Vocational Training,83,60,15,8,32,6,44,237038,219121,monthly_center_report
1081,2025-08-01,2025-08-31,2025-09-03 00:00:00,District E,CENTER_13,Entrepreneurship,97,78,7,12,42,5,74,177017,152316,program_database
1082,2025-02-01,2025-02-28,2025-03-05 00:00:00,District E,CENTER_05,Career Readiness,35,24,7,4,6,2,103,178277,173057,monthly_center_report
1083,2025-01-01,2025-01-31,2025-02-04 00:00:00,District H,CENTER_08,Vocational Training,32,23,9,0,15,3,71,67885,70570,monthly_center_report
1084,2025-07-01,2025-07-31,2025-08-07 00:00:00,District H,CENTER_01,Vocational Training,97,77,10,10,22,6,63,90038,55205,monthly_center_report
1085,2025-02-01,2025-02-28,2025-03-07 00:00:00,District E,CENTER_20,Digital Skills,86,70,1,15,36,5,117,172164,122675,program_database
1086,2025-08-01,2025-08-31,2025-09-07 00:00:00,District D,CENTER_10,Career Readiness,84,69,7,8,21,7,104,192196,112400,monthly_center_report
1087,2025-01-01,2025-01-31,2025-02-06 00:00:00,District F,CENTER_18,Digital Skills,75,46,1,28,16,4,75,81230,79432,program_database
1088,2025-07-01,2025-07-31,2025-08-06 00:00:00,District G,CENTER_15,Entrepreneurship,76,48,14,14,23,4,74,59432,57561,monthly_center_report
1089,2025-12-01,2025-12-31,2026-01-02 00:00:00,District A,CENTER_06,Entrepreneurship,41,27,7,7,11,3,106,162900,141957,monthly_center_report
1090,2025-08-01,2025-08-31,2025-09-04 00:00:00,District C,CENTER_10,Career Readiness,34,28,2,4,8,2,89,226953,182998,monthly_center_report
1091,2025-08-01,2025-08-31,2025-09-07 00:00:00,District H,CENTER_18,Career Readiness,91,61,3,27,17,6,96,90975,59708,manual_submission
1092,2025-08-01,2025-08-31,2025-09-06 00:00:00,District A,CENTER_13,Entrepreneurship,95,53,18,24,22,5,106,211727,148626,manual_submission
1093,2025-01-01,2025-01-31,2025-02-02 00:00:00,District F,CENTER_10,Entrepreneurship,23,18,1,4,10,2,92,61827,63011,monthly_center_report
1094,2025-12-01,2025-12-31,2026-01-05 00:00:00,District C,CENTER_12,Entrepreneurship,94,84,10,0,55,6,100,213880,199556,monthly_center_report
1095,2025-07-01,2025-07-31,2025-08-02 00:00:00,District F,CENTER_13,Digital Skills,64,55,4,5,13,5,85,157984,139419,monthly_center_report
1096,2025-04-01,2025-04-30,2025-05-06 00:00:00,District F,CENTER_02,Vocational Training,50,32,9,9,13,3,38,205328,206066,monthly_center_report
1097,2025-02-01,2025-02-28,2025-03-03 00:00:00,District B,CENTER_03,Entrepreneurship,63,51,10,2,13,4,102,55167,45800,monthly_center_report
1098,2025-11-01,2025-11-30,2025-12-03 00:00:00,District F,CENTER_02,Career Readiness,74,43,5,26,9,6,26,119892,92739,manual_submission
1099,2025-06-01,2025-06-30,2025-07-07 00:00:00,,CENTER_16,Digital Skills,68,49,1,18,26,6,82,152315,149616,manual_submission
1100,2025-08-01,2025-08-31,2025-09-03 00:00:00,District F,CENTER_19,Digital Skills,-5,24,5,3,12,1,61,138071,102200,monthly_center_report
1101,2025-03-01,2025-03-31,2025-04-07 00:00:00,District H,CENTER_17,Entrepreneurship,98,92,4,2,26,6,61,145245,87925,monthly_center_report
1102,2025-11-01,2025-11-30,2025-12-07 00:00:00,District G,CENTER_07,Career Readiness,29,20,1,8,6,2,78,106119,60595,program_database
1103,2025-05-01,2025-05-31,2025-06-06 00:00:00,District E,CENTER_09,Digital Skills,93,78,3,12,17,5,39,109214,110201,program_database
1104,2025-10-01,2025-10-31,2025-11-03 00:00:00,District B,CENTER_19,Digital Skills,63,41,14,8,25,5,92,67634,66225,monthly_center_report
1105,2025-06-01,2025-06-30,2025-07-07 00:00:00,District H,CENTER_14,Vocational Training,29,19,0,10,13,2,36,129127,129822,monthly_center_report
1106,2025-04-01,2025-04-30,2025-05-04 00:00:00,District E,CENTER_14,Entrepreneurship,73,62,5,6,17,6,46,115867,110357,monthly_center_report
1107,2025-01-01,2025-01-31,2025-02-05 00:00:00,District H,CENTER_18,Vocational Training,100,55,0,45,17,5,66,185325,191145,monthly_center_report
1108,2025-04-01,2025-04-30,2025-05-02 00:00:00,District C,CENTER_19,Career Readiness,79,66,9,4,42,4,21,217228,152575,monthly_center_report
1109,2025-09-01,2025-09-30,2025-10-02 00:00:00,District G,CENTER_19,Digital Skills,45,39,4,2,26,3,82,171238,118284,monthly_center_report
1110,2025-12-01,2025-12-31,2026-01-06 00:00:00,District C,CENTER_08,Vocational Training,58,52,0,6,21,4,81,164134,99512,monthly_center_report
1111,2025-11-01,2025-11-30,2025-12-03 00:00:00,District G,CENTER_11,Digital Skills,46,38,2,6,9,4,119,119975,98421,monthly_center_report
1112,2025-11-01,2025-11-30,2025-12-03 00:00:00,District E,CENTER_06,Entrepreneurship,96,56,25,15,12,6,38,156395,104932,monthly_center_report
1113,2025-04-01,2025-04-30,2025-05-07 00:00:00,District D,CENTER_04,Vocational Training,23,12,8,3,6,2,36,131406,103072,monthly_center_report
1114,2025-07-01,2025-07-31,2025-08-01 00:00:00,District H,CENTER_16,Career Readiness,24,16,5,3,6,2,88,91774,77932,program_database
1115,2025-05-01,2025-05-31,2025-06-07 00:00:00,District E,CENTER_05,Digital Skills,55,36,2,17,8,4,58,96133,67289,program_database
1116,2025-01-01,2025-01-31,2025-02-05 00:00:00,District A,CENTER_16,Digital Skills,30,25,3,2,12,2,101,207705,119237,monthly_center_report
1117,2025-06-01,2025-06-30,2025-07-04 00:00:00,District E,CENTER_03,Career Readiness,31,28,0,3,6,2,90,239853,234128,monthly_center_report
1118,2025-10-01,2025-10-31,2025-11-02 00:00:00,District C,CENTER_08,Digital Skills,84,68,13,3,40,6,100,186828,158170,manual_submission
1119,2025-04-01,2025-04-30,2025-05-07 00:00:00,District E,CENTER_16,Digital Skills,96,87,8,1,31,7,58,132158,84933,monthly_center_report
1120,2025-12-01,2025-12-31,2026-01-01 00:00:00,District F,CENTER_19,Career Readiness,50,29,8,13,6,3,55,107149,71763,monthly_center_report
1121,2025-04-01,2025-04-30,2025-05-01 00:00:00,District C,CENTER_04,Vocational Training,55,47,1,7,23,3,59,157053,89101,monthly_center_report
1122,2025-08-01,2025-08-31,2025-09-07 00:00:00,District E,CENTER_19,Digital Skills,88,68,9,11,27,7,64,233400,244537,monthly_center_report
1123,2025-08-01,2025-08-31,2025-09-06 00:00:00,District B,CENTER_11,Career Readiness,51,45,4,2,31,4,23,87987,71333,monthly_center_report
1124,2025-05-01,2025-05-31,2025-06-02 00:00:00,District F,CENTER_16,Entrepreneurship,22,12,0,10,6,2,44,208810,201645,manual_submission
1125,2025-05-01,2025-05-31,2025-06-06 00:00:00,District A,CENTER_02,Vocational Training,90,71,7,12,24,6,88,131072,79621,monthly_center_report
1126,2025-08-01,2025-08-31,2025-09-04 00:00:00,District F,CENTER_04,Vocational Training,69,40,29,0,22,5,49,153016,153752,monthly_center_report
1127,2025-04-01,2025-04-30,2025-05-01 00:00:00,District E,CENTER_10,Digital Skills,58,47,8,3,16,3,95,92002,88749,manual_submission
1128,2025-01-01,2025-01-31,2025-02-01 00:00:00,District H,CENTER_11,Career Readiness,55,49,0,6,32,3,87,70996,59344,monthly_center_report
1129,2025-06-01,2025-06-30,2025-07-05 00:00:00,District H,CENTER_16,Career Readiness,74,56,15,3,22,5,107,92033,70424,monthly_center_report
1130,2025-06-01,2025-06-30,2025-07-04 00:00:00,District E,CENTER_17,Digital Skills,73,49,5,19,23,5,48,241163,185043,monthly_center_report
1131,2025-01-01,2025-01-31,2025-02-01 00:00:00,District F,CENTER_15,Digital Skills,43,36,0,7,8,3,92,218060,185560,monthly_center_report
1132,2025-04-01,2025-04-30,2025-05-04 00:00:00,District C,CENTER_01,Career Readiness,100,90,6,4,37,6,87,132240,102048,monthly_center_report
1133,2025-04-01,2025-04-30,2025-05-02 00:00:00,District B,CENTER_04,Vocational Training,86,68,14,4,42,4,70,205717,178079,monthly_center_report
1134,2025-08-01,2025-08-31,2025-09-03 00:00:00,District G,CENTER_11,Career Readiness,37,29,4,4,17,3,43,95476,86054,monthly_center_report
1135,2025-02-01,2025-02-28,2025-03-01 00:00:00,District F,CENTER_10,Vocational Training,73,47,15,11,15,6,33,97681,78748,program_database
1136,2025-01-01,2025-01-31,2025-02-05 00:00:00,District G,CENTER_13,Vocational Training,22,13,1,8,4,2,88,219635,163025,monthly_center_report
1137,2025-04-01,2025-04-30,2025-05-02 00:00:00,District D,CENTER_03,Career Readiness,53,39,3,11,24,4,37,94238,82563,monthly_center_report
1138,2025-10-01,2025-10-31,2025-11-07 00:00:00,District A,CENTER_13,Career Readiness,53,49,3,1,33,3,61,73346,62367,monthly_center_report
1139,2025-01-01,2025-01-31,2025-02-04 00:00:00,District F,CENTER_06,Digital Skills,87,73,8,6,18,7,76,168936,135678,monthly_center_report
1140,2025-12-01,2025-12-31,2026-01-07 00:00:00,District H,CENTER_04,Vocational Training,46,36,7,3,15,4,102,119783,70128,monthly_center_report
1141,2025-03-01,2025-03-31,2025-04-06 00:00:00,District E,CENTER_16,Career Readiness,75,48,0,27,18,4,31,104160,76133,manual_submission
1142,2025-07-01,2025-07-31,2025-08-02 00:00:00,District D,CENTER_10,Vocational Training,43,31,6,6,20,4,101,88258,50556,monthly_center_report
1143,2025-04-01,2025-04-30,2025-05-07 00:00:00,District A,CENTER_10,Entrepreneurship,99,59,12,28,14,5,36,115095,79232,monthly_center_report
1144,2025-02-01,2025-02-28,2025-03-01 00:00:00,District F,CENTER_19,Career Readiness,21,19,1,1,6,2,49,84918,60773,program_database
1145,2025-12-01,2025-12-31,2026-01-04 00:00:00,District F,CENTER_13,Vocational Training,69,51,5,13,29,4,107,242965,157453,monthly_center_report
1146,2025-09-01,2025-09-30,2025-10-03 00:00:00,District E,CENTER_03,Digital Skills,27,21,6,0,5,2,94,137257,94754,monthly_center_report
1147,2025-10-01,2025-10-31,2025-11-02 00:00:00,District D,CENTER_16,Entrepreneurship,96,60,34,2,27,6,118,51405,41549,program_database
1148,2025-05-01,2025-05-31,2025-06-01 00:00:00,District E,CENTER_17,Career Readiness,70,38,9,23,16,5,42,84665,46890,program_database
1149,2025-05-01,2025-05-31,2025-06-05 00:00:00,District A,CENTER_19,Vocational Training,41,26,0,15,10,3,100,138913,78952,program_database
1150,2025-06-01,2025-06-30,2025-07-06 00:00:00,District H,CENTER_05,Digital Skills,87,51,9,27,20,8,20,87170,62712,monthly_center_report
1151,2025-01-01,2025-01-31,2025-02-04 00:00:00,District E,CENTER_04,Entrepreneurship,36,31,2,3,14,3,98,123662,103384,monthly_center_report
1152,2025-05-01,2025-05-31,2025-06-02 00:00:00,District F,CENTER_14,Entrepreneurship,98,73,1,24,20,6,51,119142,83011,program_database
1153,2025-06-01,2025-06-30,2025-07-02 00:00:00,District F,CENTER_14,Vocational Training,82,75,5,2,36,4,28,195666,146457,monthly_center_report
1154,2025-03-01,2025-03-31,2025-04-03 00:00:00,District H,CENTER_02,Vocational Training,26,15,8,3,9,2,34,98009,84143,monthly_center_report
1155,2025-03-01,2025-03-31,2025-04-03 00:00:00,District A,CENTER_16,Entrepreneurship,79,47,5,27,27,5,47,80415,58108,program_database
1156,2025-06-01,2025-06-30,2025-07-05 00:00:00,District H,CENTER_02,Career Readiness,91,68,8,15,19,5,43,169998,167806,monthly_center_report
1157,2025-02-01,2025-02-28,2025-03-06 00:00:00,District H,CENTER_04,Vocational Training,64,47,15,2,13,4,79,103407,93183,program_database
1158,2025-12-01,2025-12-31,2026-01-05 00:00:00,District E,CENTER_06,Vocational Training,85,80,3,2,27,6,54,197651,121702,monthly_center_report
1159,2025-09-01,2025-09-30,2025-10-01 00:00:00,District D,CENTER_19,Digital Skills,93,61,21,11,23,5,105,159161,118939,monthly_center_report
1160,2025-11-01,2025-11-30,2025-12-01 00:00:00,District B,CENTER_08,Career Readiness,32,22,5,5,9,2,46,56805,42916,monthly_center_report
1161,2025-06-01,2025-06-30,2025-07-05 00:00:00,District E,CENTER_04,Career Readiness,95,86,8,1,46,6,102,134813,122277,program_database
1162,2025-08-01,2025-08-31,2025-09-06 00:00:00,District C,CENTER_01,Digital Skills,81,64,3,14,15,7,95,214719,151309,monthly_center_report
1163,2025-06-01,2025-06-30,2025-07-05 00:00:00,District E,CENTER_20,Digital Skills,25,21,0,4,5,2,39,168777,173423,monthly_center_report
1164,2025-04-01,2025-04-30,2025-05-06 00:00:00,District F,CENTER_19,Vocational Training,26,22,2,2,9,2,84,134717,74199,program_database
1165,2025-02-01,2025-02-28,2025-03-06 00:00:00,District A,CENTER_03,Career Readiness,71,57,10,4,31,4,104,96664,55636,program_database
1166,2025-01-01,2025-01-31,2025-02-07 00:00:00,District D,CENTER_13,Digital Skills,46,30,11,5,9,3,68,151843,88032,manual_submission
1167,2025-02-01,2025-02-28,2025-03-04 00:00:00,District G,CENTER_10,Vocational Training,58,45,6,7,23,4,20,163340,145910,monthly_center_report
1168,2025-06-01,2025-06-30,2025-07-06 00:00:00,District E,CENTER_20,Vocational Training,32,19,0,13,6,2,29,146326,108562,monthly_center_report
1169,2025-07-01,2025-07-31,2025-08-03 00:00:00,District D,CENTER_16,Career Readiness,80,58,14,8,37,7,66,197602,145143,manual_submission
1170,2025-06-01,2025-06-30,2025-07-06 00:00:00,District G,CENTER_03,Career Readiness,98,58,29,11,38,7,78,163798,124400,monthly_center_report
1171,2025-09-01,2025-09-30,2025-10-06 00:00:00,District G,CENTER_03,Digital Skills,63,53,3,7,18,6,115,227324,133099,monthly_center_report
1172,2025-09-01,2025-09-30,2025-10-06 00:00:00,District D,CENTER_05,Career Readiness,100,58,1,41,18,6,81,187541,136414,monthly_center_report
1173,2025-07-01,2025-07-31,2025-08-07 00:00:00,District B,CENTER_10,Career Readiness,30,27,0,3,11,2,105,128746,113848,program_database
1174,2025-04-01,2025-04-30,2025-05-07 00:00:00,District C,CENTER_05,Entrepreneurship,86,70,3,13,22,6,37,127458,93166,monthly_center_report
1175,2025-01-01,2025-01-31,2025-02-01 00:00:00,District A,CENTER_18,Digital Skills,85,66,16,3,35,5,65,183864,102056,program_database
1176,2025-08-01,2025-08-31,2025-09-07 00:00:00,District G,CENTER_14,Digital Skills,92,74,10,8,45,7,51,143181,144132,monthly_center_report
1177,2025-09-01,2025-09-30,2025-10-03 00:00:00,District E,CENTER_19,Digital Skills,22,17,5,0,9,2,46,244121,240910,monthly_center_report
1178,2025-07-01,2025-07-31,2025-08-03 00:00:00,District H,CENTER_06,Vocational Training,25,20,5,0,12,2,111,159117,97105,monthly_center_report
1179,2025-11-01,2025-11-30,2025-12-07 00:00:00,District E,CENTER_11,Career Readiness,77,70,3,4,28,4,37,139478,81346,monthly_center_report
1180,2025-02-01,2025-02-28,2025-03-05 00:00:00,District C,CENTER_07,Vocational Training,97,74,15,8,21,8,58,226530,679590,monthly_center_report
1181,2025-01-01,2025-01-31,2025-02-04 00:00:00,District B,CENTER_14,Digital Skills,70,38,25,7,22,4,68,53487,40704,monthly_center_report
1182,2025-12-01,2025-12-31,2026-01-07 00:00:00,District C,CENTER_16,Career Readiness,71,47,3,21,18,4,112,245099,194363,monthly_center_report
1183,2025-12-01,2025-12-31,2026-01-06 00:00:00,District H,CENTER_10,Entrepreneurship,70,54,7,9,29,5,101,72973,41731,program_database
1184,2025-04-01,2025-04-30,2025-05-02 00:00:00,District C,CENTER_05,Digital Skills,34,20,1,13,7,2,63,54164,44919,program_database
1185,2025-08-01,2025-08-31,2025-09-04 00:00:00,District D,CENTER_01,Vocational Training,38,26,2,10,6,3,91,113381,103696,program_database
1186,2025-02-01,2025-02-28,2025-03-04 00:00:00,District G,CENTER_18,Vocational Training,58,47,4,7,33,3,73,88840,86423,monthly_center_report
1187,2025-02-01,2025-02-28,2025-03-03 00:00:00,District H,CENTER_14,Digital Skills,41,33,6,2,9,4,114,243667,186396,monthly_center_report
1188,2025-01-01,2025-01-31,2025-02-04 00:00:00,District H,CENTER_16,Career Readiness,77,63,5,9,44,5,53,113603,78123,monthly_center_report
1189,2025-01-01,2025-01-31,2025-02-07 00:00:00,District D,CENTER_10,Career Readiness,62,41,21,0,28,4,90,76912,72642,manual_submission
1190,2025-12-01,2025-12-31,2026-01-06 00:00:00,District G,CENTER_14,Career Readiness,94,68,7,19,41,8,55,241647,229368,program_database
1191,2025-07-01,2025-07-31,2025-08-06 00:00:00,District E,CENTER_02,Career Readiness,82,72,2,8,38,6,37,204937,200588,program_database
1192,2025-09-01,2025-09-30,2025-10-01 00:00:00,District H,CENTER_08,Digital Skills,22,20,1,1,10,2,57,201100,153940,monthly_center_report
1193,2025-05-01,2025-05-31,2025-06-06 00:00:00,District F,CENTER_18,Digital Skills,73,49,9,15,31,5,78,80655,67838,monthly_center_report
1194,2025-08-01,2025-08-31,2025-09-06 00:00:00,District H,CENTER_20,Entrepreneurship,75,52,23,0,18,5,28,92292,78497,monthly_center_report
1195,2025-06-01,2025-06-30,2025-07-03 00:00:00,District E,CENTER_07,Career Readiness,76,63,10,3,27,5,92,183073,163704,monthly_center_report
1196,2025-10-01,2025-10-31,2025-11-06 00:00:00,District D,CENTER_19,Entrepreneurship,79,55,20,4,28,6,91,126911,80389,monthly_center_report
1197,2025-08-01,2025-08-31,2025-09-01 00:00:00,District G,CENTER_14,Entrepreneurship,40,28,3,9,11,3,70,104318,64812,manual_submission
1198,2025-03-01,2025-03-31,2025-04-02 00:00:00,District E,CENTER_03,Career Readiness,42,38,3,1,16,3,54,90976,65770,monthly_center_report
1199,2025-08-01,2025-08-31,2025-09-07 00:00:00,District H,CENTER_04,Career Readiness,58,35,16,7,13,5,101,104901,59030,monthly_center_report
1200,2025-05-01,2025-05-31,2025-06-03 00:00:00,District A,CENTER_01,Entrepreneurship,65,52,3,10,25,4,24,91577,79530,monthly_center_report
1201,2025-02-01,2025-02-28,2025-03-02 00:00:00,District C,CENTER_17,Digital Skills,63,43,7,13,27,4,33,79876,46795,manual_submission
1202,2025-08-01,2025-08-31,2025-09-03 00:00:00,District D,CENTER_04,Vocational Training,53,37,6,10,11,3,111,143124,100989,monthly_center_report
1203,2025-03-01,2025-03-31,2025-04-05 00:00:00,District A,CENTER_18,Entrepreneurship,85,69,13,3,46,5,49,235179,200581,program_database
1204,2025-02-01,2025-02-28,2025-03-04 00:00:00,District A,CENTER_15,Career Readiness,33,22,2,9,12,2,23,209817,138258,manual_submission
1205,2025-09-01,2025-09-30,2025-10-05 00:00:00,District B,CENTER_18,Digital Skills,33,31,2,0,19,3,58,215131,167156,monthly_center_report
1206,2025-03-01,2025-03-31,2025-04-06 00:00:00,District B,CENTER_07,Entrepreneurship,57,47,3,7,22,5,103,249744,154910,monthly_center_report
1207,2025-11-01,2025-11-30,2025-12-02 00:00:00,District H,CENTER_04,Vocational Training,66,49,7,10,29,5,83,86116,48549,monthly_center_report
1208,2025-07-01,2025-07-31,2025-08-06 00:00:00,District B,CENTER_07,Career Readiness,20,15,4,1,3,2,44,174168,179742,monthly_center_report
1209,2025-02-01,2025-02-28,2025-03-04 00:00:00,District F,CENTER_10,Vocational Training,54,37,6,11,23,5,47,237485,135247,program_database
1210,2025-03-01,2025-03-31,2025-04-03 00:00:00,District G,CENTER_12,Vocational Training,87,48,13,26,11,5,95,109816,81702,program_database
1211,2025-07-01,2025-07-31,2025-08-04 00:00:00,District C,CENTER_14,Career Readiness,78,47,8,23,30,4,85,57802,32465,monthly_center_report
1212,2025-12-01,2025-12-31,2026-01-01 00:00:00,District H,CENTER_05,Digital Skills,86,73,12,1,51,5,97,72224,56281,monthly_center_report
1213,2025-03-01,2025-03-31,2025-04-04 00:00:00,District F,CENTER_11,Career Readiness,75,49,25,1,17,5,41,153092,153098,monthly_center_report
1214,2025-11-01,2025-11-30,2025-12-01 00:00:00,District A,CENTER_05,Digital Skills,86,51,17,18,16,7,50,159918,164389,monthly_center_report
1215,2025-12-01,2025-12-31,2026-01-04 00:00:00,District G,CENTER_18,Entrepreneurship,60,40,9,11,23,3,42,52071,51769,monthly_center_report
1216,2025-12-01,2025-12-31,2026-01-07 00:00:00,District E,CENTER_17,Vocational Training,71,56,1,14,18,4,67,218789,210771,monthly_center_report
1217,2025-12-01,2025-12-31,2026-01-01 00:00:00,District D,CENTER_18,Career Readiness,64,60,1,3,38,5,39,101719,70613,monthly_center_report
1218,2025-09-01,2025-09-30,2025-10-02 00:00:00,District E,CENTER_03,Digital Skills,62,57,2,3,14,5,57,240080,178797,program_database
1219,2025-04-01,2025-04-30,2025-05-06 00:00:00,District C,CENTER_17,Entrepreneurship,31,21,2,8,6,2,74,194647,140183,monthly_center_report
1220,2025-11-01,2025-11-30,2025-12-06 00:00:00,District E,CENTER_17,Entrepreneurship,40,30,10,0,21,3,87,57311,35938,monthly_center_report
1221,2025-12-01,2025-12-31,2026-01-05 00:00:00,District E,CENTER_08,Entrepreneurship,74,57,1,16,31,4,98,78951,64807,monthly_center_report
1222,2025-11-01,2025-11-30,2025-12-06 00:00:00,District A,CENTER_12,Entrepreneurship,84,71,8,5,44,5,107,82456,79720,program_database
1223,2025-05-01,2025-05-31,2025-06-03 00:00:00,District A,CENTER_04,Career Readiness,93,67,3,23,24,6,108,51366,36016,monthly_center_report
1224,2025-12-01,2025-12-31,2026-01-07 00:00:00,District H,CENTER_11,Vocational Training,94,61,19,14,33,6,20,141838,91813,monthly_center_report
1225,2025-12-01,2025-12-31,2026-01-04 00:00:00,District E,CENTER_10,Vocational Training,68,38,14,16,19,5,26,243334,175498,monthly_center_report
1226,2025-09-01,2025-09-30,2025-10-05 00:00:00,District D,CENTER_04,Entrepreneurship,94,61,21,12,31,7,76,144704,149509,program_database
1227,2025-12-01,2025-12-31,2026-01-03 00:00:00,District H,CENTER_04,Vocational Training,74,57,4,13,31,5,114,71481,51726,monthly_center_report
1228,2025-03-01,2025-03-31,2025-04-03 00:00:00,District B,CENTER_02,Career Readiness,80,62,12,6,30,5,31,166959,103447,program_database
1229,2025-10-01,2025-10-31,2025-11-01 00:00:00,District B,CENTER_12,Career Readiness,91,66,9,16,27,6,24,153489,132478,manual_submission
1230,2025-11-01,2025-11-30,2025-12-06 00:00:00,District E,CENTER_19,Career Readiness,74,55,5,14,19,4,69,230621,173170,program_database
1231,2025-03-01,2025-03-31,2025-04-02 00:00:00,District H,CENTER_14,Vocational Training,84,79,4,1,46,6,61,177078,175335,monthly_center_report
1232,2025-12-01,2025-12-31,2026-01-02 00:00:00,District H,CENTER_05,Digital Skills,47,37,3,7,12,3,31,174087,145308,monthly_center_report
1233,2025-02-01,2025-02-28,2025-03-05 00:00:00,District A,CENTER_06,Entrepreneurship,97,77,7,13,42,6,37,78923,51351,monthly_center_report
1234,2025-01-01,2025-01-31,2025-02-07 00:00:00,District B,CENTER_12,Entrepreneurship,86,60,22,4,19,5,85,80865,46071,manual_submission
1235,2025-05-01,2025-05-31,2025-06-02 00:00:00,District F,CENTER_10,Entrepreneurship,57,42,0,15,22,3,93,57334,47100,monthly_center_report
1236,2025-01-01,2025-01-31,2025-02-04 00:00:00,District C,CENTER_05,Career Readiness,59,37,13,9,21,5,98,106513,109922,monthly_center_report
1237,2025-02-01,2025-02-28,2025-03-02 00:00:00,District C,CENTER_16,Digital Skills,90,82,3,5,25,6,113,67711,61689,program_database
1238,2025-10-01,2025-10-31,2025-11-05 00:00:00,District A,CENTER_14,Career Readiness,59,45,5,9,10,5,36,168587,166055,monthly_center_report
1239,2025-12-01,2025-12-31,2026-01-02 00:00:00,District F,CENTER_13,Career Readiness,97,58,31,8,15,7,87,249740,236067,monthly_center_report
1240,2025-08-01,2025-08-31,2025-09-04 00:00:00,District C,CENTER_17,Career Readiness,77,46,22,9,23,5,90,240805,228067,monthly_center_report
1241,2025-07-01,2025-07-31,2025-08-01 00:00:00,District F,CENTER_03,Career Readiness,49,32,5,12,20,3,81,138866,137275,monthly_center_report
1242,2025-11-01,2025-11-30,2025-12-07 00:00:00,District A,CENTER_15,Entrepreneurship,31,28,2,1,6,2,60,235390,146977,program_database
1243,2025-09-01,2025-09-30,2025-10-05 00:00:00,District A,CENTER_19,Entrepreneurship,35,25,0,10,14,2,114,196630,204592,monthly_center_report
1244,2025-10-01,2025-10-31,2025-11-01 00:00:00,District B,CENTER_07,Digital Skills,86,63,17,6,23,5,53,246754,242256,monthly_center_report
1245,2025-02-01,2025-02-28,2025-03-01 00:00:00,District H,CENTER_17,Digital Skills,88,69,14,5,30,6,89,54973,40551,monthly_center_report
1246,2025-12-01,2025-12-31,2026-01-01 00:00:00,District E,CENTER_07,Vocational Training,94,62,4,28,41,6,64,72189,47039,program_database
1247,2025-08-01,2025-08-31,2025-09-03 00:00:00,District F,CENTER_13,Digital Skills,22,18,2,2,7,2,77,164561,122313,program_database
1248,2025-09-01,2025-09-30,2025-10-07 00:00:00,District C,CENTER_14,Digital Skills,60,45,3,12,19,5,70,117417,93483,monthly_center_report
1249,2025-09-01,2025-09-30,2025-10-06 00:00:00,District B,CENTER_04,Digital Skills,41,32,5,4,7,3,53,87757,86246,monthly_center_report
1250,2025-03-01,2025-03-31,2025-04-07 00:00:00,District C,CENTER_09,Digital Skills,59,55,1,3,13,4,63,227893,171783,monthly_center_report
1251,2025-03-01,2025-03-31,2025-04-03 00:00:00,District C,CENTER_02,Entrepreneurship,23,20,3,0,7,2,34,128125,119446,manual_submission
1252,2025-03-01,2025-03-31,2025-04-06 00:00:00,District G,CENTER_04,Entrepreneurship,72,56,6,10,12,6,97,117615,120910,monthly_center_report
1253,2025-04-01,2025-04-30,2025-05-07 00:00:00,District G,CENTER_04,Digital Skills,50,31,0,19,16,4,89,203624,123117,program_database
1254,2025-02-01,2025-02-28,2025-03-01 00:00:00,District D,CENTER_16,Career Readiness,54,48,6,0,20,3,69,133449,102699,monthly_center_report
1255,2025-02-01,2025-02-28,2025-03-05 00:00:00,District H,CENTER_18,Career Readiness,81,71,10,0,34,6,120,156822,156280,monthly_center_report
1256,2025-09-01,2025-09-30,2025-10-06 00:00:00,District D,CENTER_01,Entrepreneurship,95,54,35,6,16,6,51,114570,113622,monthly_center_report
1257,2025-08-01,2025-08-31,2025-09-04 00:00:00,District C,CENTER_10,Career Readiness,30,21,1,8,7,3,86,103335,83207,program_database
1258,2025-04-01,2025-04-30,2025-05-04 00:00:00,District C,CENTER_12,Vocational Training,88,70,5,13,37,5,22,195529,198108,monthly_center_report
1259,2025-08-01,2025-08-31,2025-09-02 00:00:00,District H,CENTER_02,Digital Skills,99,55,26,18,38,7,105,221195,174394,manual_submission
1260,2025-08-01,2025-08-31,2025-09-06 00:00:00,District C,CENTER_01,Digital Skills,54,44,1,9,10,4,105,115769,105506,monthly_center_report
1261,2025-10-01,2025-10-31,2025-11-05 00:00:00,District G,CENTER_12,Vocational Training,85,70,6,9,45,5,93,61923,38219,monthly_center_report
1262,2025-05-01,2025-05-31,2025-06-03 00:00:00,District C,CENTER_18,Digital Skills,31,20,5,6,10,3,70,233089,170005,monthly_center_report
1263,2025-07-01,2025-07-31,2025-08-01 00:00:00,District B,CENTER_05,Entrepreneurship,46,40,2,4,19,4,86,182335,125698,program_database
1264,2025-12-01,2025-12-31,2026-01-02 00:00:00,District F,CENTER_11,Entrepreneurship,77,48,21,8,22,6,95,114468,117755,monthly_center_report
1265,2025-08-01,2025-08-31,2025-09-04 00:00:00,District F,CENTER_11,Vocational Training,96,53,22,21,12,8,112,54161,56810,program_database
1266,2025-01-01,2025-01-31,2025-02-03 00:00:00,District C,CENTER_01,Career Readiness,21,17,3,1,4,2,67,158308,152646,manual_submission
1267,2025-11-01,2025-11-30,2025-12-03 00:00:00,District H,CENTER_13,Digital Skills,29,19,2,8,10,2,36,58112,32377,manual_submission
1268,2025-07-01,2025-07-31,2025-08-01 00:00:00,District H,CENTER_04,Entrepreneurship,96,81,4,11,30,5,26,151384,146399,monthly_center_report
1269,2025-08-01,2025-08-31,2025-09-06 00:00:00,District C,CENTER_01,Digital Skills,67,56,8,3,37,4,32,166543,103494,program_database
1270,2025-05-01,2025-05-31,2025-06-04 00:00:00,District A,CENTER_08,Digital Skills,65,55,7,3,22,4,85,73584,68761,program_database
1271,2025-08-01,2025-08-31,2025-09-05 00:00:00,District E,CENTER_08,Vocational Training,66,53,13,0,14,5,23,123598,115324,monthly_center_report
1272,2025-01-01,2025-01-31,2025-02-03 00:00:00,District H,CENTER_20,Vocational Training,45,39,0,6,22,3,29,217362,186236,monthly_center_report
1273,2025-10-01,2025-10-31,2025-11-01 00:00:00,District G,CENTER_04,Entrepreneurship,84,49,4,31,17,6,107,94689,75165,monthly_center_report
1274,2025-02-01,2025-02-28,2025-03-05 00:00:00,District D,CENTER_19,Vocational Training,95,55,32,8,25,8,36,245552,185090,monthly_center_report
1275,2025-10-01,2025-10-31,2025-11-06 00:00:00,District B,CENTER_05,Entrepreneurship,49,34,7,8,19,3,71,100292,58470,monthly_center_report
1276,2025-11-01,2025-11-30,2025-12-04 00:00:00,District A,CENTER_18,Entrepreneurship,91,62,1,28,40,7,25,168994,102325,monthly_center_report
1277,2025-06-01,2025-06-30,2025-07-06 00:00:00,District A,CENTER_14,Digital Skills,75,65,4,6,39,5,102,121836,124741,monthly_center_report
1278,2025-08-01,2025-08-31,2025-09-03 00:00:00,District B,CENTER_17,Career Readiness,66,38,12,16,20,4,88,248972,255833,monthly_center_report
1279,2025-05-01,2025-05-31,2025-06-05 00:00:00,District A,CENTER_08,Digital Skills,73,55,1,17,30,4,115,167666,117329,monthly_center_report
1280,2025-04-01,2025-04-30,2025-05-05 00:00:00,District F,CENTER_01,Career Readiness,62,36,24,2,24,4,93,199899,159981,monthly_center_report
1281,2025-02-01,2025-02-28,2025-03-05 00:00:00,District A,CENTER_08,Career Readiness,51,44,4,3,15,3,28,93117,84135,monthly_center_report
1282,2025-11-01,2025-11-30,2025-12-03 00:00:00,District F,CENTER_10,Digital Skills,100,57,37,6,11,5,110,57306,33607,monthly_center_report
1283,2025-10-01,2025-10-31,2025-11-03 00:00:00,District H,CENTER_14,Digital Skills,100,71,0,29,24,8,96,137635,96020,monthly_center_report
1284,2025-08-01,2025-08-31,2025-09-06 00:00:00,District E,CENTER_08,Digital Skills,50,32,8,10,10,4,102,64269,44377,monthly_center_report
1285,2025-02-01,2025-02-28,2025-03-02 00:00:00,District F,CENTER_17,Vocational Training,96,83,4,9,44,7,40,164957,167367,monthly_center_report
1286,2025-02-01,2025-02-28,2025-03-06 00:00:00,District B,CENTER_15,Digital Skills,27,19,8,0,10,2,43,148931,149386,program_database
1287,2025-01-01,2025-01-31,2025-02-04 00:00:00,District F,CENTER_03,Vocational Training,76,51,24,1,25,5,23,129028,101702,monthly_center_report
1288,2025-11-01,2025-11-30,2025-12-01 00:00:00,District G,CENTER_03,Digital Skills,27,17,2,8,4,2,43,63684,55420,program_database
1289,2025-02-01,2025-02-28,2025-03-05 00:00:00,District E,CENTER_13,Career Readiness,99,93,0,6,52,6,78,157769,134379,monthly_center_report
1290,2025-08-01,2025-08-31,2025-09-02 00:00:00,District D,CENTER_20,Digital Skills,69,89,8,14,32,4,118,162225,141769,monthly_center_report
1291,2025-08-01,2025-08-31,2025-09-01 00:00:00,District B,CENTER_11,Digital Skills,86,51,14,21,27,6,22,204091,202933,monthly_center_report
1292,2025-01-01,2025-01-31,2025-02-02 00:00:00,District D,CENTER_04,Digital Skills,96,72,2,22,34,5,87,67706,52450,monthly_center_report
1293,2025-11-01,2025-11-30,2025-12-07 00:00:00,District D,CENTER_19,Vocational Training,85,66,11,8,25,4,120,143163,123462,program_database
1294,2025-03-01,2025-03-31,2025-04-06 00:00:00,District G,CENTER_16,Career Readiness,51,29,18,4,8,3,59,61552,54861,monthly_center_report
1295,2025-10-01,2025-10-31,2025-11-03 00:00:00,District A,CENTER_05,Entrepreneurship,75,48,11,16,12,7,67,220840,200296,monthly_center_report
1296,2025-03-01,2025-03-31,2025-04-05 00:00:00,District F,CENTER_10,Vocational Training,80,70,6,4,43,5,73,208159,198163,monthly_center_report
1297,2025-01-01,2025-01-31,2025-02-06 00:00:00,District F,CENTER_10,Entrepreneurship,86,66,2,18,44,7,54,222406,180167,monthly_center_report
1298,2025-09-01,2025-09-30,2025-10-01 00:00:00,District C,CENTER_02,Vocational Training,91,55,33,3,29,7,114,160640,150627,manual_submission
1299,2025-11-01,2025-11-30,2025-12-07 00:00:00,District F,CENTER_07,Vocational Training,45,29,14,2,7,4,75,139535,111397,program_database
1300,2025-10-01,2025-10-31,2025-11-07 00:00:00,District D,CENTER_16,Career Readiness,62,41,3,18,16,4,108,198398,122394,monthly_center_report
1301,2025-07-01,2025-07-31,2025-08-07 00:00:00,District F,CENTER_20,Entrepreneurship,62,49,11,2,28,4,59,77485,44721,monthly_center_report
1302,2025-04-01,2025-04-30,2025-05-01 00:00:00,District H,CENTER_02,Career Readiness,20,16,3,1,9,2,96,231723,164243,monthly_center_report
1303,2025-04-01,2025-04-30,2025-05-01 00:00:00,District D,CENTER_15,Vocational Training,81,44,16,21,11,6,87,244007,196563,program_database
1304,2025-03-01,2025-03-31,2025-04-01 00:00:00,District G,CENTER_07,Career Readiness,-5,11,4,5,2,1,65,52593,36188,monthly_center_report
1305,2025-09-01,2025-09-30,2025-10-01 00:00:00,District B,CENTER_12,Digital Skills,34,28,5,1,16,3,97,126172,73349,monthly_center_report
1306,2025-01-01,2025-01-31,2025-02-07 00:00:00,District H,CENTER_07,Entrepreneurship,23,20,2,1,8,2,32,101858,56216,program_database
1307,2025-05-01,2025-05-31,2025-06-07 00:00:00,District E,CENTER_06,Vocational Training,42,27,5,10,9,3,46,195360,179819,monthly_center_report
1308,2025-01-01,2025-01-31,2025-02-02 00:00:00,District D,CENTER_06,Vocational Training,42,28,1,13,6,3,25,118626,71287,monthly_center_report
1309,2025-07-01,2025-07-31,2025-08-06 00:00:00,District B,CENTER_01,Vocational Training,34,23,6,5,11,3,36,105112,72022,manual_submission
1310,2025-06-01,2025-06-30,2025-07-05 00:00:00,District E,CENTER_15,Vocational Training,67,59,6,2,37,6,55,188130,132946,monthly_center_report
1311,2025-03-01,2025-03-31,2025-04-03 00:00:00,District G,CENTER_03,Digital Skills,36,31,4,1,21,3,118,100248,99840,monthly_center_report
1312,2025-10-01,2025-10-31,2025-11-07 00:00:00,District G,CENTER_12,Entrepreneurship,74,53,1,20,26,4,100,114107,114674,monthly_center_report
1313,2025-09-01,2025-09-30,2025-10-03 00:00:00,District A,CENTER_20,Vocational Training,57,39,14,4,18,4,21,135899,140253,monthly_center_report
1314,2025-03-01,2025-03-31,2025-04-06 00:00:00,District D,CENTER_02,Entrepreneurship,85,49,5,31,12,5,96,104850,93684,monthly_center_report
1315,2025-03-01,2025-03-31,2025-04-06 00:00:00,District B,CENTER_16,Digital Skills,85,63,10,12,30,6,71,246950,183687,program_database
1316,2025-03-01,2025-03-31,2025-04-03 00:00:00,District F,CENTER_16,Career Readiness,61,48,2,11,19,4,85,148010,133494,monthly_center_report
1317,2025-05-01,2025-05-31,2025-06-07 00:00:00,District H,CENTER_16,Career Readiness,94,51,18,25,26,8,71,217275,137638,program_database
1318,2025-04-01,2025-04-30,2025-05-03 00:00:00,District A,CENTER_07,Vocational Training,77,64,0,13,25,5,111,111442,98424,manual_submission
1319,2025-07-01,2025-07-31,2025-08-02 00:00:00,District G,CENTER_07,Entrepreneurship,68,63,1,4,20,4,62,91211,84873,monthly_center_report
1320,2025-03-01,2025-03-31,2025-04-04 00:00:00,District F,CENTER_09,Digital Skills,30,27,1,2,7,2,109,166524,150083,monthly_center_report
1321,2025-08-01,2025-08-31,2025-09-07 00:00:00,District F,CENTER_08,Digital Skills,85,56,10,19,20,5,41,138178,83277,monthly_center_report
1322,2025-07-01,2025-07-31,2025-08-07 00:00:00,District G,CENTER_15,Career Readiness,72,62,5,5,15,4,74,180427,157345,manual_submission
1323,2025-01-01,2025-01-31,2025-02-05 00:00:00,District F,CENTER_09,Career Readiness,42,23,5,14,7,4,86,111286,81241,program_database
1324,2025-02-01,2025-02-28,2025-03-01 00:00:00,District E,CENTER_03,Entrepreneurship,57,53,0,4,37,3,118,184425,147576,monthly_center_report
1325,2025-02-01,2025-02-28,2025-03-04 00:00:00,District B,CENTER_09,Vocational Training,35,25,9,1,11,3,79,144433,112491,program_database
1326,2025-06-01,2025-06-30,2025-07-06 00:00:00,District A,CENTER_18,Vocational Training,45,28,7,10,13,3,77,115542,84848,monthly_center_report
1327,2025-12-01,2025-12-31,2026-01-07 00:00:00,District E,CENTER_09,Vocational Training,97,67,26,4,43,8,31,247232,142449,manual_submission
1328,2025-05-01,2025-05-31,2025-06-03 00:00:00,District E,CENTER_01,Entrepreneurship,64,54,4,6,38,6,107,156367,118565,monthly_center_report
1329,2025-07-01,2025-07-31,2025-08-04 00:00:00,District A,CENTER_16,Vocational Training,49,43,5,1,21,4,88,239618,233669,monthly_center_report
1330,2025-09-01,2025-09-30,2025-10-05 00:00:00,District D,CENTER_16,Vocational Training,95,60,0,35,36,7,103,248605,218443,program_database
1331,2025-02-01,2025-02-28,2025-03-06 00:00:00,District H,CENTER_15,Entrepreneurship,60,44,10,6,16,4,58,162405,160793,monthly_center_report
1332,2025-08-01,2025-08-31,2025-09-01 00:00:00,District G,CENTER_07,Career Readiness,91,57,33,1,20,6,32,148225,131758,monthly_center_report
1333,2025-05-01,2025-05-31,2025-06-01 00:00:00,District C,CENTER_19,Vocational Training,21,16,2,3,6,2,60,222713,155375,monthly_center_report
1334,2025-07-01,2025-07-31,2025-08-05 00:00:00,District F,CENTER_11,Vocational Training,74,44,9,21,24,6,76,247296,216586,monthly_center_report
1335,2025-06-01,2025-06-30,2025-07-05 00:00:00,District G,CENTER_18,Entrepreneurship,95,80,15,0,43,6,72,198787,140704,monthly_center_report
1336,2025-06-01,2025-06-30,2025-07-03 00:00:00,District A,CENTER_05,Vocational Training,92,74,0,18,26,6,31,152468,113979,manual_submission
1337,2025-02-01,2025-02-28,2025-03-07 00:00:00,District G,CENTER_07,Career Readiness,88,73,3,12,19,5,32,99371,64552,monthly_center_report
1338,2025-10-01,2025-10-31,2025-11-01 00:00:00,District H,CENTER_04,Entrepreneurship,77,69,4,4,36,5,93,74442,51640,monthly_center_report
1339,2025-01-01,2025-01-31,2025-02-06 00:00:00,,CENTER_04,Vocational Training,97,67,15,15,18,5,116,57035,33025,program_database
1340,2025-07-01,2025-07-31,2025-08-04 00:00:00,District C,CENTER_07,Digital Skills,56,33,17,6,16,3,76,111089,89752,monthly_center_report
1341,2025-08-01,2025-08-31,2025-09-06 00:00:00,District E,CENTER_17,Digital Skills,27,17,5,5,9,2,59,185929,179930,monthly_center_report
1342,2025-07-01,2025-07-31,2025-08-02 00:00:00,District A,CENTER_06,Entrepreneurship,70,38,22,10,21,4,99,79030,58446,program_database
1343,2025-08-01,2025-08-31,2025-09-02 00:00:00,District C,CENTER_18,Career Readiness,28,19,3,6,11,2,64,104127,58276,program_database
1344,2025-07-01,2025-07-31,2025-08-05 00:00:00,District C,CENTER_07,Entrepreneurship,80,47,23,10,30,6,54,208258,157614,monthly_center_report
1345,2025-09-01,2025-09-30,2025-10-03 00:00:00,District E,CENTER_19,Vocational Training,78,58,12,8,26,4,22,102875,77376,program_database
1346,2025-02-01,2025-02-28,2025-03-02 00:00:00,District A,CENTER_05,Career Readiness,71,54,10,7,31,5,24,187850,159215,monthly_center_report
1347,2025-08-01,2025-08-31,2025-09-01 00:00:00,District F,CENTER_19,Career Readiness,79,43,0,36,22,4,109,60245,47114,manual_submission
1348,2025-06-01,2025-06-30,2025-07-06 00:00:00,District B,CENTER_10,Career Readiness,58,54,1,3,16,3,30,210701,170565,monthly_center_report
1349,2025-03-01,2025-03-31,2025-04-06 00:00:00,District C,CENTER_14,Vocational Training,99,81,5,13,17,5,90,170016,120019,program_database
1350,2025-07-01,2025-07-31,2025-08-05 00:00:00,District G,CENTER_06,Digital Skills,25,21,3,1,7,2,75,91400,85592,monthly_center_report
1351,2025-11-01,2025-11-30,2025-12-07 00:00:00,District E,CENTER_18,Entrepreneurship,28,21,4,3,9,2,29,179364,186181,manual_submission
1352,2025-06-01,2025-06-30,2025-07-07 00:00:00,District G,CENTER_18,Digital Skills,29,17,0,12,9,2,53,77583,43328,program_database
1353,2025-03-01,2025-03-31,2025-04-04 00:00:00,District F,CENTER_14,Career Readiness,52,44,5,3,27,3,86,182661,174181,program_database
1354,2025-02-01,2025-02-28,2025-03-05 00:00:00,District A,CENTER_15,Digital Skills,79,47,8,24,14,6,91,140087,95650,monthly_center_report
1355,2025-01-01,2025-01-31,2025-02-04 00:00:00,District G,CENTER_07,Career Readiness,21,11,6,4,3,2,50,80063,55776,monthly_center_report
1356,2025-08-01,2025-08-31,2025-09-07 00:00:00,District C,CENTER_11,Career Readiness,79,67,11,1,46,5,94,71639,57954,monthly_center_report
1357,2025-08-01,2025-08-31,2025-09-05 00:00:00,District D,CENTER_15,Vocational Training,55,37,13,5,9,3,90,94718,69700,program_database
1358,2025-03-01,2025-03-31,2025-04-05 00:00:00,District A,CENTER_20,Digital Skills,57,31,23,3,14,4,85,190156,133090,monthly_center_report
1359,2025-11-01,2025-11-30,2025-12-05 00:00:00,District G,CENTER_06,Digital Skills,21,16,0,5,8,2,89,121631,126143,manual_submission
1360,2025-03-01,2025-03-31,2025-04-07 00:00:00,District C,CENTER_15,Entrepreneurship,47,41,1,5,19,3,60,59029,33162,program_database
1361,2025-11-01,2025-11-30,2025-12-04 00:00:00,District D,CENTER_15,Digital Skills,86,78,7,1,19,7,82,152398,143497,monthly_center_report
1362,2025-10-01,2025-10-31,2025-11-04 00:00:00,District E,CENTER_15,Digital Skills,20,17,3,0,4,1,51,148931,116016,program_database
1363,2025-04-01,2025-04-30,2025-05-05 00:00:00,District D,CENTER_08,Entrepreneurship,45,31,13,1,8,3,39,54204,38021,monthly_center_report
1364,2025-06-01,2025-06-30,2025-07-02 00:00:00,District G,CENTER_01,Digital Skills,44,25,17,2,12,4,76,107820,71605,monthly_center_report
1365,2025-01-01,2025-01-31,2025-02-03 00:00:00,District B,CENTER_06,Vocational Training,73,47,10,16,22,6,117,78228,61959,monthly_center_report
1366,2025-10-01,2025-10-31,2025-11-07 00:00:00,District F,CENTER_11,Vocational Training,46,39,1,6,12,3,69,162166,127609,monthly_center_report
1367,2025-02-01,2025-02-28,2025-03-03 00:00:00,District B,CENTER_08,Vocational Training,65,37,18,10,19,4,99,95513,98272,program_database
1368,2025-01-01,2025-01-31,2025-02-03 00:00:00,District A,CENTER_13,Entrepreneurship,69,63,5,1,38,5,44,170265,160490,monthly_center_report
1369,2025-11-01,2025-11-30,2025-12-04 00:00:00,District D,CENTER_03,Entrepreneurship,99,93,4,2,21,8,31,61518,50582,monthly_center_report
1370,2025-05-01,2025-05-31,2025-06-04 00:00:00,,CENTER_07,Career Readiness,96,89,0,7,40,6,90,76689,45077,program_database
1371,2025-10-01,2025-10-31,2025-11-02 00:00:00,District C,CENTER_09,Digital Skills,61,42,7,12,23,5,58,227707,150899,program_database
1372,2025-11-01,2025-11-30,2025-12-03 00:00:00,District C,CENTER_11,Vocational Training,60,37,2,21,12,4,36,176387,109430,monthly_center_report
1373,2025-10-01,2025-10-31,2025-11-03 00:00:00,District B,CENTER_11,Digital Skills,94,75,5,14,27,6,64,150236,141321,program_database
1374,2025-04-01,2025-04-30,2025-05-05 00:00:00,District D,CENTER_17,Digital Skills,22,17,1,4,9,2,30,248951,155216,monthly_center_report
1375,2025-12-01,2025-12-31,2026-01-04 00:00:00,District B,CENTER_10,Vocational Training,74,64,7,3,42,6,89,212467,184416,monthly_center_report
1376,2025-06-01,2025-06-30,2025-07-03 00:00:00,District B,CENTER_02,Vocational Training,83,58,16,9,35,4,42,102956,91328,monthly_center_report
1377,2025-11-01,2025-11-30,2025-12-06 00:00:00,District C,CENTER_13,Vocational Training,24,15,6,3,7,2,110,240135,173520,monthly_center_report
1378,2025-05-01,2025-05-31,2025-06-02 00:00:00,District H,CENTER_11,Vocational Training,60,55,0,5,31,4,89,249358,173366,program_database
1379,2025-11-01,2025-11-30,2025-12-06 00:00:00,District A,CENTER_17,Career Readiness,56,41,15,0,16,5,57,110033,109490,monthly_center_report
1380,2025-04-01,2025-04-30,2025-05-06 00:00:00,District F,CENTER_11,Vocational Training,89,74,14,1,39,6,21,224327,130356,program_database
1381,2025-09-01,2025-09-30,2025-10-07 00:00:00,District D,CENTER_08,Career Readiness,61,37,19,5,16,5,105,165962,91929,monthly_center_report
1382,2025-02-01,2025-02-28,2025-03-07 00:00:00,District A,CENTER_03,Career Readiness,-5,35,9,0,10,1,103,216295,167377,monthly_center_report
1383,2025-02-01,2025-02-28,2025-03-02 00:00:00,District C,CENTER_07,Vocational Training,42,25,0,17,14,2,108,103575,106575,manual_submission
1384,2025-07-01,2025-07-31,2025-08-06 00:00:00,District D,CENTER_17,Digital Skills,79,60,10,9,29,5,98,93033,62420,program_database
1385,2025-03-01,2025-03-31,2025-04-03 00:00:00,District D,CENTER_08,Career Readiness,97,72,18,7,27,8,112,129456,115191,monthly_center_report
1386,2025-11-01,2025-11-30,2025-12-04 00:00:00,District E,CENTER_19,Career Readiness,45,26,11,8,17,4,91,176136,121067,monthly_center_report
1387,2025-07-01,2025-07-31,2025-08-02 00:00:00,District B,CENTER_12,Career Readiness,41,35,3,3,7,3,56,165704,129221,monthly_center_report
1388,2025-03-01,2025-03-31,2025-04-05 00:00:00,District G,CENTER_17,Career Readiness,81,62,19,0,22,6,68,249735,191398,monthly_center_report
1389,2025-05-01,2025-05-31,2025-06-06 00:00:00,District G,CENTER_14,Digital Skills,96,54,8,34,12,8,71,90055,56993,program_database
1390,2025-08-01,2025-08-31,2025-09-02 00:00:00,District C,CENTER_09,Career Readiness,59,42,3,14,24,4,52,124245,81329,program_database
1391,2025-02-01,2025-02-28,2025-03-01 00:00:00,District G,CENTER_18,Career Readiness,62,35,23,4,19,4,41,237397,230708,monthly_center_report
1392,2025-04-01,2025-04-30,2025-05-01 00:00:00,District H,CENTER_07,Vocational Training,20,18,2,0,7,2,24,181255,171570,manual_submission
1393,2025-07-01,2025-07-31,2025-08-07 00:00:00,District F,CENTER_16,Career Readiness,70,62,3,5,33,4,37,150673,101099,monthly_center_report
1394,2025-07-01,2025-07-31,2025-08-04 00:00:00,District H,CENTER_10,Digital Skills,24,22,2,0,9,2,57,150879,97839,monthly_center_report
1395,2025-05-01,2025-05-31,2025-06-03 00:00:00,District C,CENTER_07,Career Readiness,64,59,1,4,34,3,56,235893,247076,monthly_center_report
1396,2025-11-01,2025-11-30,2025-12-04 00:00:00,District H,CENTER_12,Digital Skills,69,57,6,6,24,5,113,242849,252701,monthly_center_report
1397,2025-01-01,2025-01-31,2025-02-04 00:00:00,District D,CENTER_08,Career Readiness,66,51,15,0,21,4,114,232837,158275,monthly_center_report
1398,2025-11-01,2025-11-30,2025-12-04 00:00:00,District C,CENTER_09,Career Readiness,38,27,7,4,18,3,83,114858,97259,monthly_center_report
1399,2025-02-01,2025-02-28,2025-03-04 00:00:00,District C,CENTER_01,Digital Skills,69,39,18,12,13,4,29,235091,202453,monthly_center_report
1400,2025-07-01,2025-07-31,2025-08-05 00:00:00,District B,CENTER_17,Vocational Training,41,38,0,3,10,2,98,116288,75012,monthly_center_report
1401,2025-10-01,2025-10-31,2025-11-05 00:00:00,District E,CENTER_17,Career Readiness,59,51,2,6,25,4,61,247253,248229,program_database
1402,2025-03-01,2025-03-31,2025-04-07 00:00:00,District B,CENTER_04,Entrepreneurship,54,50,3,1,34,3,67,246159,253560,monthly_center_report
1403,2025-03-01,2025-03-31,2025-04-02 00:00:00,District G,CENTER_10,Digital Skills,82,62,20,0,24,6,63,75394,78308,monthly_center_report
1404,2025-11-01,2025-11-30,2025-12-01 00:00:00,District B,CENTER_14,Career Readiness,56,47,3,6,11,4,101,94730,59759,program_database
1405,2025-12-01,2025-12-31,2026-01-04 00:00:00,District C,CENTER_12,Vocational Training,37,27,7,3,10,3,106,177525,161399,manual_submission
1406,2025-08-01,2025-08-31,2025-09-07 00:00:00,District C,CENTER_17,Digital Skills,92,59,20,13,27,6,116,98663,85867,manual_submission
1407,2025-04-01,2025-04-30,2025-05-02 00:00:00,District D,CENTER_02,Vocational Training,53,43,4,6,12,4,35,165534,104509,monthly_center_report
1408,2025-05-01,2025-05-31,2025-06-01 00:00:00,District B,CENTER_06,Digital Skills,30,23,1,6,12,2,73,82684,77376,monthly_center_report
1409,2025-01-01,2025-01-31,2025-02-06 00:00:00,District E,CENTER_03,Entrepreneurship,94,70,17,7,49,6,54,175277,97463,monthly_center_report
1410,2025-01-01,2025-01-31,2025-02-03 00:00:00,District H,CENTER_04,Digital Skills,54,29,1,24,12,3,117,51894,37805,monthly_center_report
1411,2025-09-01,2025-09-30,2025-10-05 00:00:00,District A,CENTER_04,Vocational Training,20,18,1,1,7,1,47,208068,138227,manual_submission
1412,2025-06-01,2025-06-30,2025-07-06 00:00:00,District E,CENTER_16,Career Readiness,97,77,7,13,31,6,21,138224,91371,monthly_center_report
1413,2025-04-01,2025-04-30,2025-05-01 00:00:00,District F,CENTER_11,Entrepreneurship,66,44,1,21,11,5,113,154456,150443,monthly_center_report
1414,2025-06-01,2025-06-30,2025-07-06 00:00:00,District G,CENTER_20,Digital Skills,62,52,9,1,33,5,32,50808,30367,monthly_center_report
1415,2025-01-01,2025-01-31,2025-02-03 00:00:00,District H,CENTER_13,Vocational Training,97,69,25,3,28,7,60,189101,106763,monthly_center_report
1416,2025-08-01,2025-08-31,2025-09-07 00:00:00,District E,CENTER_08,Entrepreneurship,99,73,5,21,29,8,99,222720,196264,program_database
1417,2025-11-01,2025-11-30,2025-12-01 00:00:00,District H,CENTER_17,Career Readiness,44,26,18,0,14,3,78,217267,150879,monthly_center_report
1418,2025-01-01,2025-01-31,2025-02-06 00:00:00,District F,CENTER_01,Entrepreneurship,61,43,4,14,18,5,88,111225,112311,monthly_center_report
1419,2025-06-01,2025-06-30,2025-07-05 00:00:00,District H,CENTER_13,Digital Skills,74,70,1,3,37,4,111,222579,127416,monthly_center_report
1420,2025-10-01,2025-10-31,2025-11-05 00:00:00,District B,CENTER_13,Entrepreneurship,44,37,5,2,9,3,72,186329,137112,monthly_center_report
1421,2025-02-01,2025-02-28,2025-03-02 00:00:00,District A,CENTER_05,Career Readiness,58,41,0,17,25,4,64,172369,159808,monthly_center_report
1422,2025-08-01,2025-08-31,2025-09-06 00:00:00,District C,CENTER_15,Digital Skills,89,81,5,3,54,5,39,113794,116691,monthly_center_report
1423,2025-02-01,2025-02-28,2025-03-04 00:00:00,District D,CENTER_06,Digital Skills,75,58,17,0,30,6,43,92004,67030,monthly_center_report
1424,2025-04-01,2025-04-30,2025-05-06 00:00:00,District F,CENTER_13,Entrepreneurship,52,44,1,7,30,4,80,225794,152524,program_database
1425,2025-02-01,2025-02-28,2025-03-07 00:00:00,District B,CENTER_05,Career Readiness,62,48,1,13,13,4,110,108669,79251,manual_submission
1426,2025-12-01,2025-12-31,2026-01-01 00:00:00,District B,CENTER_11,Career Readiness,68,55,3,10,24,5,113,218323,146319,manual_submission
1427,2025-05-01,2025-05-31,2025-06-01 00:00:00,District G,CENTER_08,Vocational Training,34,21,9,4,11,3,77,72984,73649,manual_submission
1428,2025-12-01,2025-12-31,2026-01-07 00:00:00,District B,CENTER_03,Entrepreneurship,95,56,27,12,27,5,46,245197,196888,monthly_center_report
1429,2025-03-01,2025-03-31,2025-04-06 00:00:00,District B,CENTER_19,Entrepreneurship,60,38,10,12,15,3,45,201235,114596,monthly_center_report
1430,2025-10-01,2025-10-31,2025-11-07 00:00:00,District A,CENTER_10,Digital Skills,88,49,27,12,18,5,26,151750,96757,monthly_center_report
1431,2025-11-01,2025-11-30,2025-12-03 00:00:00,District G,CENTER_11,Entrepreneurship,36,32,0,4,8,3,61,223996,154834,program_database
1432,2025-01-01,2025-01-31,2025-02-07 00:00:00,District D,CENTER_04,Career Readiness,88,81,0,7,32,5,66,132818,111674,manual_submission
1433,2025-08-01,2025-08-31,2025-09-05 00:00:00,District C,CENTER_10,Vocational Training,78,56,18,4,16,6,72,207670,174452,program_database
1434,2025-10-01,2025-10-31,2025-11-07 00:00:00,District E,CENTER_05,Digital Skills,60,45,6,9,26,4,78,181695,168865,monthly_center_report
1435,2025-11-01,2025-11-30,2025-12-01 00:00:00,District B,CENTER_09,Career Readiness,47,31,1,15,9,4,57,126413,91842,manual_submission
1436,2025-03-01,2025-03-31,2025-04-05 00:00:00,District G,CENTER_02,Entrepreneurship,46,41,0,5,9,3,88,109001,111532,monthly_center_report
1437,2025-12-01,2025-12-31,2026-01-01 00:00:00,District A,CENTER_06,Career Readiness,70,63,3,4,30,5,106,222818,169280,monthly_center_report
1438,2025-06-01,2025-06-30,2025-07-02 00:00:00,District C,CENTER_01,Career Readiness,74,63,1,10,31,6,111,174104,137223,monthly_center_report
1439,2025-02-01,2025-02-28,2025-03-04 00:00:00,District F,CENTER_13,Career Readiness,87,65,13,9,41,5,117,124020,80903,monthly_center_report
1440,2025-02-01,2025-02-28,2025-03-01 00:00:00,District D,CENTER_18,Career Readiness,36,28,3,5,14,2,72,247202,158967,monthly_center_report
1441,2025-11-01,2025-11-30,2025-12-05 00:00:00,District A,CENTER_10,Career Readiness,40,27,4,9,10,3,34,86060,84124,monthly_center_report
1442,2025-03-01,2025-03-31,2025-04-02 00:00:00,District H,CENTER_16,Entrepreneurship,46,29,11,6,17,3,115,246183,144159,monthly_center_report
1443,2025-12-01,2025-12-31,2026-01-01 00:00:00,District D,CENTER_01,Entrepreneurship,93,53,34,6,25,5,45,227816,232461,monthly_center_report
1444,2025-11-01,2025-11-30,2025-12-03 00:00:00,District C,CENTER_13,Career Readiness,41,30,11,0,7,4,67,75178,56737,program_database
1445,2025-01-01,2025-01-31,2025-02-07 00:00:00,District F,CENTER_16,Vocational Training,35,30,1,4,14,2,114,220419,213346,program_database
1446,2025-03-01,2025-03-31,2025-04-04 00:00:00,District F,CENTER_19,Career Readiness,100,68,7,25,44,8,38,114225,102438,monthly_center_report
1447,2025-07-01,2025-07-31,2025-08-01 00:00:00,District A,CENTER_04,Vocational Training,82,70,8,4,28,5,28,230350,202091,program_database
1448,2025-08-01,2025-08-31,2025-09-02 00:00:00,District C,CENTER_13,Digital Skills,68,41,19,8,14,5,83,215762,213160,manual_submission
1449,2025-02-01,2025-02-28,2025-03-03 00:00:00,District H,CENTER_12,Digital Skills,34,26,7,1,7,2,112,81995,56677,monthly_center_report
1450,2025-01-01,2025-01-31,2025-02-06 00:00:00,District H,CENTER_17,Vocational Training,95,68,9,18,19,5,73,200111,113820,monthly_center_report
1451,2025-10-01,2025-10-31,2025-11-02 00:00:00,District H,CENTER_09,Digital Skills,43,25,6,12,10,4,70,176927,165032,monthly_center_report
1452,2025-02-01,2025-02-28,2025-03-07 00:00:00,District G,CENTER_10,Vocational Training,61,33,26,2,16,4,58,237110,179796,monthly_center_report
1453,2025-07-01,2025-07-31,2025-08-02 00:00:00,District C,CENTER_13,Digital Skills,91,69,5,17,17,5,23,188959,109089,program_database
1454,2025-04-01,2025-04-30,2025-05-03 00:00:00,District H,CENTER_03,Digital Skills,35,32,2,1,21,3,22,207051,137287,program_database
1455,2025-06-01,2025-06-30,2025-07-02 00:00:00,District C,CENTER_01,Career Readiness,35,23,12,0,13,2,83,83768,58802,monthly_center_report
1456,2025-09-01,2025-09-30,2025-10-03 00:00:00,District D,CENTER_06,Digital Skills,52,33,18,1,16,3,48,72180,39752,program_database
1457,2025-06-01,2025-06-30,2025-07-01 00:00:00,District B,CENTER_17,Entrepreneurship,89,74,10,5,45,6,30,160900,166277,program_database
1458,2025-01-01,2025-01-31,2025-02-03 00:00:00,District A,CENTER_08,Entrepreneurship,86,55,13,18,13,6,116,222794,196398,manual_submission
1459,2025-12-01,2025-12-31,2026-01-03 00:00:00,District H,CENTER_05,Career Readiness,60,50,2,8,22,5,77,142305,138635,monthly_center_report
1460,2025-04-01,2025-04-30,2025-05-04 00:00:00,District D,CENTER_04,Digital Skills,24,17,4,3,9,2,94,87137,61123,manual_submission
1461,2025-10-01,2025-10-31,2025-11-03 00:00:00,District E,CENTER_07,Vocational Training,90,61,23,6,37,6,46,205132,185913,monthly_center_report
1462,2025-12-01,2025-12-31,2026-01-03 00:00:00,District F,CENTER_09,Vocational Training,99,86,7,6,51,6,116,69492,44530,monthly_center_report
1463,2025-11-01,2025-11-30,2025-12-06 00:00:00,District E,CENTER_09,Career Readiness,40,27,7,6,9,3,40,169555,169719,monthly_center_report
1464,2025-12-01,2025-12-31,2026-01-01 00:00:00,District B,CENTER_09,Career Readiness,38,33,1,4,22,3,58,103415,107802,monthly_center_report
1465,2025-12-01,2025-12-31,2026-01-07 00:00:00,District B,CENTER_09,Vocational Training,67,57,1,9,15,4,114,222311,165976,program_database
1466,2025-06-01,2025-06-30,2025-07-04 00:00:00,District C,CENTER_14,Vocational Training,75,58,5,12,37,4,65,56792,50005,monthly_center_report
1467,2025-02-01,2025-02-28,2025-03-06 00:00:00,District D,CENTER_03,Entrepreneurship,88,51,30,7,35,6,85,229301,188542,monthly_center_report
1468,2025-11-01,2025-11-30,2025-12-05 00:00:00,District G,CENTER_03,Entrepreneurship,31,25,4,2,7,2,110,137429,87083,monthly_center_report
1469,2025-05-01,2025-05-31,2025-06-01 00:00:00,District E,CENTER_05,Vocational Training,21,18,3,0,10,2,55,148869,125330,program_database
1470,2025-02-01,2025-02-28,2025-03-01 00:00:00,District D,CENTER_13,Digital Skills,42,39,1,2,9,3,94,204357,116730,monthly_center_report
1471,2025-12-01,2025-12-31,2026-01-05 00:00:00,District H,CENTER_04,Entrepreneurship,93,61,14,18,25,5,101,194583,165546,program_database
1472,2025-01-01,2025-01-31,2025-02-07 00:00:00,District E,CENTER_20,Digital Skills,41,27,9,5,12,3,84,247098,224170,monthly_center_report
1473,2025-12-01,2025-12-31,2026-01-03 00:00:00,District G,CENTER_06,Entrepreneurship,88,75,5,8,37,7,82,205875,123783,monthly_center_report
1474,2025-05-01,2025-05-31,2025-06-06 00:00:00,District G,CENTER_16,Vocational Training,21,15,1,5,10,2,118,184628,148523,monthly_center_report
1475,2025-07-01,2025-07-31,2025-08-02 00:00:00,District C,CENTER_05,Vocational Training,92,64,5,23,34,6,54,120089,122065,monthly_center_report
1476,2025-11-01,2025-11-30,2025-12-04 00:00:00,District A,CENTER_12,Vocational Training,97,85,6,6,37,5,50,235279,211422,monthly_center_report
1477,2025-06-01,2025-06-30,2025-07-02 00:00:00,District H,CENTER_06,Career Readiness,-5,66,5,8,40,1,47,125188,97754,monthly_center_report
1478,2025-05-01,2025-05-31,2025-06-05 00:00:00,District E,CENTER_14,Vocational Training,31,28,1,2,19,3,20,156565,140485,manual_submission
1479,2025-02-01,2025-02-28,2025-03-01 00:00:00,District F,CENTER_03,Digital Skills,50,42,7,1,9,3,44,93283,91496,monthly_center_report
1480,2025-09-01,2025-09-30,2025-10-07 00:00:00,District A,CENTER_03,Entrepreneurship,83,54,4,25,37,6,62,52803,50349,monthly_center_report
1481,2025-08-01,2025-08-31,2025-09-01 00:00:00,District G,CENTER_17,Vocational Training,83,52,24,7,13,5,103,156291,112946,monthly_center_report
1482,2025-12-01,2025-12-31,2026-01-04 00:00:00,District A,CENTER_20,Vocational Training,20,13,1,6,8,2,86,234180,243374,program_database
1483,2025-10-01,2025-10-31,2025-11-01 00:00:00,District F,CENTER_08,Digital Skills,77,68,7,2,23,4,82,226821,204271,monthly_center_report
1484,2025-06-01,2025-06-30,2025-07-01 00:00:00,District D,CENTER_06,Digital Skills,37,31,2,4,8,4,70,142613,118516,monthly_center_report
1485,2025-07-01,2025-07-31,2025-08-04 00:00:00,District A,CENTER_14,Career Readiness,41,38,1,2,16,3,21,79683,63597,program_database
1486,2025-05-01,2025-05-31,2025-06-06 00:00:00,District F,CENTER_08,Digital Skills,58,40,3,15,21,4,101,126951,80171,monthly_center_report
1487,2025-12-01,2025-12-31,2026-01-06 00:00:00,District E,CENTER_07,Digital Skills,100,86,5,9,34,6,83,153185,140504,monthly_center_report
1488,2025-08-01,2025-08-31,2025-09-04 00:00:00,District D,CENTER_10,Digital Skills,99,69,3,27,16,6,93,177996,100139,monthly_center_report
1489,2025-10-01,2025-10-31,2025-11-07 00:00:00,District A,CENTER_12,Digital Skills,78,69,4,5,34,6,88,128210,71247,monthly_center_report
1490,2025-06-01,2025-06-30,2025-07-05 00:00:00,District F,CENTER_04,Digital Skills,43,35,2,6,23,3,28,142938,147959,monthly_center_report
1491,2025-08-01,2025-08-31,2025-09-01 00:00:00,District A,CENTER_04,Career Readiness,45,32,12,1,13,3,21,188699,125954,monthly_center_report
1492,2025-08-01,2025-08-31,2025-09-07 00:00:00,District C,CENTER_14,Digital Skills,20,16,3,1,5,1,53,222132,212927,monthly_center_report
1493,2025-07-01,2025-07-31,2025-08-01 00:00:00,District E,CENTER_08,Career Readiness,67,51,7,9,21,5,79,145550,150428,monthly_center_report
1494,2025-02-01,2025-02-28,2025-03-05 00:00:00,District G,CENTER_06,Entrepreneurship,76,43,5,28,10,6,80,92423,74160,monthly_center_report
1495,2025-01-01,2025-01-31,2025-02-06 00:00:00,District C,CENTER_12,Career Readiness,65,54,0,11,33,4,50,102026,100120,manual_submission
1496,2025-01-01,2025-01-31,2025-02-07 00:00:00,District B,CENTER_07,Entrepreneurship,37,23,8,6,14,4,29,160377,152358,program_database
1497,2025-11-01,2025-11-30,2025-12-03 00:00:00,District F,CENTER_02,Vocational Training,45,34,4,7,17,3,95,224389,167905,program_database
1498,2025-08-01,2025-08-31,2025-09-03 00:00:00,District E,CENTER_04,Career Readiness,90,54,5,31,20,5,55,228713,224744,monthly_center_report
1499,2025-09-01,2025-09-30,2025-10-03 00:00:00,District C,CENTER_11,Career Readiness,69,42,23,4,25,4,104,78765,55520,monthly_center_report
1500,2025-03-01,2025-03-31,2025-04-06 00:00:00,District B,CENTER_01,Vocational Training,64,42,6,16,20,5,68,53577,52811,monthly_center_report
1501,2025-07-01,2025-07-31,2025-08-06 00:00:00,,CENTER_02,Entrepreneurship,96,78,18,0,48,8,89,163856,155391,monthly_center_report
1502,2025-08-01,2025-08-31,2025-09-05 00:00:00,District H,CENTER_10,Entrepreneurship,30,19,5,6,10,2,68,114945,99132,manual_submission
1503,2025-04-01,2025-04-30,2025-05-01 00:00:00,District C,CENTER_17,Vocational Training,55,42,1,12,25,3,22,80151,77459,monthly_center_report
1504,2025-04-01,2025-04-30,2025-05-05 00:00:00,District E,CENTER_08,Career Readiness,80,72,7,1,36,5,93,233800,130011,monthly_center_report
1505,2025-04-01,2025-04-30,2025-05-05 00:00:00,District C,CENTER_07,Vocational Training,35,28,5,2,11,3,24,155193,89378,monthly_center_report
1506,2025-03-01,2025-03-31,2025-04-06 00:00:00,District A,CENTER_09,Vocational Training,74,56,18,0,38,4,109,211603,146813,monthly_center_report
1507,2025-07-01,2025-07-31,2025-08-03 00:00:00,District D,CENTER_03,Digital Skills,72,48,8,16,23,4,80,130332,94683,monthly_center_report
1508,2025-07-01,2025-07-31,2025-08-02 00:00:00,District D,CENTER_08,Entrepreneurship,81,64,16,1,32,5,104,183657,131686,monthly_center_report
1509,2025-02-01,2025-02-28,2025-03-01 00:00:00,District G,CENTER_02,Entrepreneurship,54,45,4,5,14,3,109,123546,92939,monthly_center_report
1510,2025-06-01,2025-06-30,2025-07-06 00:00:00,District F,CENTER_14,Vocational Training,26,15,9,2,8,2,45,60718,57189,program_database
1511,2025-04-01,2025-04-30,2025-05-03 00:00:00,District A,CENTER_02,Entrepreneurship,56,37,4,15,18,4,91,123442,94603,monthly_center_report
1512,2025-05-01,2025-05-31,2025-06-07 00:00:00,District B,CENTER_14,Vocational Training,82,67,4,11,20,7,24,137630,98574,manual_submission
1513,2025-11-01,2025-11-30,2025-12-02 00:00:00,District E,CENTER_04,Digital Skills,21,12,1,8,3,2,34,84159,62021,program_database
1514,2025-12-01,2025-12-31,2026-01-02 00:00:00,District F,CENTER_12,Entrepreneurship,95,88,2,5,44,8,35,112456,97934,monthly_center_report
1515,2025-02-01,2025-02-28,2025-03-06 00:00:00,District E,CENTER_07,Career Readiness,33,27,5,1,16,3,20,215035,186250,program_database
1516,2025-04-01,2025-04-30,2025-05-04 00:00:00,District B,CENTER_02,Vocational Training,77,48,0,29,22,5,35,75857,57588,monthly_center_report
1517,2025-05-01,2025-05-31,2025-06-01 00:00:00,District B,CENTER_18,Entrepreneurship,80,68,0,12,21,7,56,102952,61841,manual_submission
1518,2025-04-01,2025-04-30,2025-05-02 00:00:00,District C,CENTER_02,Vocational Training,73,48,8,17,26,5,22,236542,162778,monthly_center_report
1519,2025-06-01,2025-06-30,2025-07-06 00:00:00,District E,CENTER_18,Entrepreneurship,77,55,2,20,13,6,71,238042,247607,monthly_center_report
1520,2025-08-01,2025-08-31,2025-09-06 00:00:00,District B,CENTER_14,Digital Skills,73,42,30,1,18,4,66,93761,75885,monthly_center_report
1521,2025-01-01,2025-01-31,2025-02-03 00:00:00,District E,CENTER_05,Entrepreneurship,92,57,32,3,16,5,114,231876,240070,monthly_center_report
1522,2025-11-01,2025-11-30,2025-12-07 00:00:00,District D,CENTER_13,Career Readiness,88,52,4,32,15,7,32,69657,52368,manual_submission
1523,2025-09-01,2025-09-30,2025-10-04 00:00:00,District C,CENTER_15,Career Readiness,69,58,5,6,17,4,99,209178,188736,monthly_center_report
1524,2025-01-01,2025-01-31,2025-02-01 00:00:00,District E,CENTER_07,Vocational Training,40,28,3,9,11,3,74,107096,77458,program_database
1525,2025-09-01,2025-09-30,2025-10-05 00:00:00,District A,CENTER_17,Career Readiness,87,61,18,8,14,6,40,129537,388611,monthly_center_report
1526,2025-09-01,2025-09-30,2025-10-07 00:00:00,District D,CENTER_10,Entrepreneurship,35,22,11,2,9,3,85,108701,86038,manual_submission
1527,2025-05-01,2025-05-31,2025-06-07 00:00:00,District A,CENTER_18,Vocational Training,25,16,7,2,7,2,73,122812,85198,monthly_center_report
1528,2025-11-01,2025-11-30,2025-12-03 00:00:00,District C,CENTER_09,Digital Skills,51,41,7,3,18,3,46,190140,196655,monthly_center_report
1529,2025-11-01,2025-11-30,2025-12-02 00:00:00,District B,CENTER_01,Entrepreneurship,97,76,10,11,30,6,57,135081,79493,monthly_center_report
1530,2025-12-01,2025-12-31,2026-01-02 00:00:00,District B,CENTER_18,Entrepreneurship,37,21,3,13,13,3,109,210296,215703,program_database
1531,2025-11-01,2025-11-30,2025-12-03 00:00:00,District E,CENTER_11,Digital Skills,21,14,2,5,4,2,77,107482,64062,monthly_center_report
1532,2025-01-01,2025-01-31,2025-02-06 00:00:00,District E,CENTER_06,Entrepreneurship,88,69,1,18,31,6,81,77903,67138,monthly_center_report
1533,2025-08-01,2025-08-31,2025-09-02 00:00:00,District G,CENTER_09,Vocational Training,48,38,5,5,9,4,65,120462,82359,monthly_center_report
1534,2025-03-01,2025-03-31,2025-04-04 00:00:00,District D,CENTER_19,Career Readiness,77,42,21,14,10,6,108,241315,249159,program_database
1535,2025-08-01,2025-08-31,2025-09-01 00:00:00,District G,CENTER_12,Vocational Training,31,20,4,7,10,3,30,97582,86654,monthly_center_report
1536,2025-04-01,2025-04-30,2025-05-07 00:00:00,District H,CENTER_06,Vocational Training,92,76,1,15,37,5,91,241228,206250,monthly_center_report
1537,2025-05-01,2025-05-31,2025-06-07 00:00:00,District C,CENTER_10,Digital Skills,40,27,11,2,17,2,27,153336,105119,monthly_center_report
1538,2025-02-01,2025-02-28,2025-03-04 00:00:00,District D,CENTER_03,Vocational Training,74,58,9,7,28,5,116,169281,166411,program_database
1539,2025-12-01,2025-12-31,2026-01-02 00:00:00,District G,CENTER_04,Vocational Training,21,19,0,2,13,1,90,76143,45910,manual_submission
1540,2025-02-01,2025-02-28,2025-03-07 00:00:00,District G,CENTER_13,Digital Skills,21,12,9,0,3,2,83,84649,86542,monthly_center_report
1541,2025-03-01,2025-03-31,2025-04-05 00:00:00,District D,CENTER_03,Entrepreneurship,100,84,16,0,21,6,40,52463,52016,monthly_center_report
1542,2025-12-01,2025-12-31,2026-01-01 00:00:00,District B,CENTER_18,Entrepreneurship,30,18,9,3,4,3,91,86498,72986,monthly_center_report
1543,2025-03-01,2025-03-31,2025-04-01 00:00:00,District H,CENTER_19,Career Readiness,59,48,6,5,14,4,82,175542,156242,monthly_center_report
1544,2025-09-01,2025-09-30,2025-10-07 00:00:00,District C,CENTER_08,Digital Skills,54,38,13,3,18,3,104,55559,30985,monthly_center_report
1545,2025-02-01,2025-02-28,2025-03-03 00:00:00,District A,CENTER_04,Entrepreneurship,85,66,6,13,35,5,83,87181,58982,program_database
1546,2025-04-01,2025-04-30,2025-05-07 00:00:00,District A,CENTER_08,Digital Skills,74,54,8,12,12,5,39,88633,91184,monthly_center_report
1547,2025-11-01,2025-11-30,2025-12-03 00:00:00,District F,CENTER_10,Vocational Training,69,48,0,21,32,4,27,237393,230247,manual_submission
1548,2025-02-01,2025-02-28,2025-03-07 00:00:00,District B,CENTER_16,Vocational Training,48,30,15,3,19,4,77,123875,109781,monthly_center_report
1549,2025-02-01,2025-02-28,2025-03-05 00:00:00,District F,CENTER_03,Entrepreneurship,66,62,4,0,22,4,65,61363,36875,program_database
1550,2025-09-01,2025-09-30,2025-10-06 00:00:00,District C,CENTER_06,Career Readiness,62,34,9,19,8,4,50,97543,74795,monthly_center_report
1551,2025-10-01,2025-10-31,2025-11-01 00:00:00,District G,CENTER_05,Entrepreneurship,56,32,13,11,9,4,112,77242,71386,monthly_center_report
1552,2025-05-01,2025-05-31,2025-06-07 00:00:00,District E,CENTER_16,Entrepreneurship,29,26,3,0,7,2,28,88965,68237,monthly_center_report
1553,2025-07-01,2025-07-31,2025-08-05 00:00:00,,CENTER_11,Vocational Training,77,50,4,23,13,5,34,175418,134580,monthly_center_report
1554,2025-12-01,2025-12-31,2026-01-03 00:00:00,District B,CENTER_04,Career Readiness,55,46,7,2,21,5,113,73710,40874,monthly_center_report
1555,2025-07-01,2025-07-31,2025-08-03 00:00:00,District F,CENTER_05,Vocational Training,65,51,9,5,16,4,45,179553,153813,program_database
1556,2025-10-01,2025-10-31,2025-11-01 00:00:00,District G,CENTER_16,Career Readiness,62,49,11,2,19,5,29,221430,148581,manual_submission
1557,2025-09-01,2025-09-30,2025-10-04 00:00:00,District D,CENTER_13,Career Readiness,83,69,6,8,48,5,48,189924,113136,monthly_center_report
1558,2025-07-01,2025-07-31,2025-08-07 00:00:00,District H,CENTER_18,Vocational Training,30,18,3,9,10,2,99,237412,234737,monthly_center_report
1559,2025-12-01,2025-12-31,2026-01-02 00:00:00,District G,CENTER_17,Vocational Training,31,26,4,1,18,2,55,144819,80645,monthly_center_report
1560,2025-06-01,2025-06-30,2025-07-03 00:00:00,District A,CENTER_07,Digital Skills,91,59,2,30,16,6,103,85020,55875,monthly_center_report
1561,2025-06-01,2025-06-30,2025-07-06 00:00:00,District B,CENTER_02,Entrepreneurship,37,24,9,4,9,3,56,170688,115006,monthly_center_report
1562,2025-04-01,2025-04-30,2025-05-06 00:00:00,District C,CENTER_18,Career Readiness,46,26,13,7,12,4,105,64644,50388,program_database
1563,2025-07-01,2025-07-31,2025-08-03 00:00:00,District C,CENTER_04,Vocational Training,23,19,1,3,5,2,90,147434,125815,manual_submission
1564,2025-08-01,2025-08-31,2025-09-04 00:00:00,District A,CENTER_04,Digital Skills,96,78,13,5,16,7,42,57913,34201,manual_submission
1565,2025-02-01,2025-02-28,2025-03-04 00:00:00,District C,CENTER_12,Vocational Training,51,47,4,0,25,4,60,53270,51631,monthly_center_report
1566,2025-08-01,2025-08-31,2025-09-05 00:00:00,District G,CENTER_05,Vocational Training,37,32,0,5,17,3,112,188267,181017,program_database
1567,2025-12-01,2025-12-31,2026-01-06 00:00:00,District E,CENTER_16,Career Readiness,63,58,2,3,24,5,99,219042,180080,program_database
1568,2025-03-01,2025-03-31,2025-04-05 00:00:00,District A,CENTER_10,Digital Skills,27,17,0,10,8,2,47,58419,50146,monthly_center_report
1569,2025-01-01,2025-01-31,2025-02-06 00:00:00,District C,CENTER_17,Vocational Training,70,59,5,6,24,6,67,228232,209735,monthly_center_report
1570,2025-10-01,2025-10-31,2025-11-07 00:00:00,District H,CENTER_18,Entrepreneurship,84,63,12,9,13,5,57,235952,137850,program_database
1571,2025-05-01,2025-05-31,2025-06-07 00:00:00,District D,CENTER_14,Vocational Training,31,21,2,8,8,3,50,148975,150521,monthly_center_report
1572,2025-10-01,2025-10-31,2025-11-02 00:00:00,District C,CENTER_07,Career Readiness,27,21,5,1,6,3,33,152836,125198,monthly_center_report
1573,2025-12-01,2025-12-31,2026-01-07 00:00:00,District C,CENTER_18,Digital Skills,79,51,13,15,13,5,116,132100,96991,monthly_center_report
1574,2025-01-01,2025-01-31,2025-02-02 00:00:00,District G,CENTER_13,Vocational Training,67,60,1,6,41,6,92,101047,89247,monthly_center_report
1575,2025-02-01,2025-02-28,2025-03-07 00:00:00,District E,CENTER_04,Digital Skills,66,57,0,9,28,5,110,137941,107203,monthly_center_report
1576,2025-03-01,2025-03-31,2025-04-01 00:00:00,District A,CENTER_08,Entrepreneurship,89,71,15,3,40,5,107,67123,45253,manual_submission
1577,2025-05-01,2025-05-31,2025-06-07 00:00:00,District D,CENTER_20,Digital Skills,44,36,0,8,13,4,96,102881,78580,program_database
1578,2025-02-01,2025-02-28,2025-03-05 00:00:00,District A,CENTER_08,Entrepreneurship,92,66,8,18,26,5,109,61763,54021,monthly_center_report
1579,2025-06-01,2025-06-30,2025-07-03 00:00:00,District H,CENTER_02,Digital Skills,31,28,1,2,9,3,48,52222,30393,monthly_center_report
1580,2025-09-01,2025-09-30,2025-10-05 00:00:00,District F,CENTER_10,Career Readiness,44,38,4,2,9,4,70,247090,172021,monthly_center_report
1581,2025-12-01,2025-12-31,2026-01-03 00:00:00,District G,CENTER_12,Vocational Training,32,23,4,5,7,2,68,156767,87939,monthly_center_report
1582,2025-01-01,2025-01-31,2025-02-04 00:00:00,District B,CENTER_17,Vocational Training,95,63,8,24,38,7,62,175030,140254,monthly_center_report
1583,2025-03-01,2025-03-31,2025-04-05 00:00:00,District A,CENTER_10,Vocational Training,79,45,29,5,24,7,111,214089,170318,monthly_center_report
1584,2025-11-01,2025-11-30,2025-12-04 00:00:00,District B,CENTER_08,Vocational Training,38,34,3,1,16,3,111,181496,109387,monthly_center_report
1585,2025-06-01,2025-06-30,2025-07-02 00:00:00,District F,CENTER_15,Vocational Training,57,48,4,5,21,4,91,213439,161111,monthly_center_report
1586,2025-04-01,2025-04-30,2025-05-02 00:00:00,District G,CENTER_02,Career Readiness,46,37,0,9,24,3,106,209089,142205,monthly_center_report
1587,2025-02-01,2025-02-28,2025-03-01 00:00:00,District B,CENTER_05,Career Readiness,21,12,7,2,3,2,112,131144,82651,monthly_center_report
1588,2025-08-01,2025-08-31,2025-09-07 00:00:00,District B,CENTER_16,Digital Skills,60,34,21,5,12,4,24,127491,81954,monthly_center_report
1589,2025-10-01,2025-10-31,2025-11-05 00:00:00,District C,CENTER_03,Entrepreneurship,66,53,8,5,20,4,61,73390,72718,manual_submission
1590,2025-05-01,2025-05-31,2025-06-04 00:00:00,District B,CENTER_06,Career Readiness,80,70,6,4,41,5,26,165879,148058,monthly_center_report
1591,2025-01-01,2025-01-31,2025-02-03 00:00:00,District C,CENTER_04,Career Readiness,66,39,0,27,27,4,61,125137,86919,program_database
1592,2025-08-01,2025-08-31,2025-09-02 00:00:00,District G,CENTER_14,Vocational Training,66,44,6,16,14,5,55,213743,144271,monthly_center_report
1593,2025-11-01,2025-11-30,2025-12-07 00:00:00,District F,CENTER_12,Digital Skills,72,54,2,16,34,4,46,167988,137376,monthly_center_report
1594,2025-12-01,2025-12-31,2026-01-02 00:00:00,District E,CENTER_02,Digital Skills,51,35,16,0,22,4,77,90517,271551,manual_submission
1595,2025-03-01,2025-03-31,2025-04-03 00:00:00,District B,CENTER_10,Career Readiness,92,81,5,6,25,5,65,69130,65303,monthly_center_report
1596,2025-11-01,2025-11-30,2025-12-07 00:00:00,District D,CENTER_13,Career Readiness,31,20,6,5,8,2,85,172127,173313,monthly_center_report
1597,2025-02-01,2025-02-28,2025-03-07 00:00:00,District H,CENTER_18,Career Readiness,30,27,2,1,11,2,44,241831,172515,monthly_center_report
1598,2025-04-01,2025-04-30,2025-05-04 00:00:00,District B,CENTER_13,Career Readiness,71,49,12,10,34,4,92,66900,53708,monthly_center_report
1599,2025-04-01,2025-04-30,2025-05-04 00:00:00,District F,CENTER_11,Career Readiness,80,74,6,0,21,5,46,122974,121517,program_database
1600,2025-08-01,2025-08-31,2025-09-05 00:00:00,District H,CENTER_02,Vocational Training,38,22,10,6,13,4,20,133935,99964,monthly_center_report
1601,2025-01-01,2025-01-31,2025-02-05 00:00:00,District A,CENTER_20,Career Readiness,66,50,3,13,18,5,106,174101,139553,monthly_center_report
1602,2025-01-01,2025-01-31,2025-02-06 00:00:00,District D,CENTER_02,Vocational Training,74,46,20,8,26,4,93,116078,113687,monthly_center_report
1603,2025-02-01,2025-02-28,2025-03-06 00:00:00,District C,CENTER_03,Vocational Training,55,45,4,6,18,3,61,71419,69201,monthly_center_report
1604,2025-09-01,2025-09-30,2025-10-01 00:00:00,District E,CENTER_15,Career Readiness,47,41,1,5,20,3,71,118012,109064,program_database
1605,2025-07-01,2025-07-31,2025-08-02 00:00:00,District C,CENTER_02,Digital Skills,63,45,9,9,28,4,44,93131,79652,program_database
1606,2025-08-01,2025-08-31,2025-09-05 00:00:00,District D,CENTER_12,Career Readiness,80,49,21,10,30,4,73,232633,206304,monthly_center_report
1607,2025-01-01,2025-01-31,2025-02-04 00:00:00,District G,CENTER_12,Career Readiness,91,56,23,12,35,5,86,70397,63144,monthly_center_report
1608,2025-01-01,2025-01-31,2025-02-03 00:00:00,District C,CENTER_11,Entrepreneurship,39,25,0,14,6,3,25,170234,103634,program_database
1609,2025-02-01,2025-02-28,2025-03-04 00:00:00,District C,CENTER_16,Entrepreneurship,72,44,20,8,24,6,77,186496,102758,monthly_center_report
1610,2025-11-01,2025-11-30,2025-12-02 00:00:00,District A,CENTER_15,Vocational Training,77,64,3,10,17,4,89,201618,184722,monthly_center_report
1611,2025-12-01,2025-12-31,2026-01-06 00:00:00,District B,CENTER_02,Vocational Training,44,33,5,6,13,3,72,232569,146676,monthly_center_report
1612,2025-04-01,2025-04-30,2025-05-04 00:00:00,District C,CENTER_20,Career Readiness,64,37,21,6,18,6,85,100111,56018,monthly_center_report
1613,2025-01-01,2025-01-31,2025-02-01 00:00:00,District A,CENTER_12,Entrepreneurship,58,35,14,9,14,4,77,181618,180787,program_database
1614,2025-07-01,2025-07-31,2025-08-02 00:00:00,District B,CENTER_16,Career Readiness,72,46,15,11,21,4,101,142330,103493,manual_submission
1615,2025-02-01,2025-02-28,2025-03-06 00:00:00,District G,CENTER_17,Entrepreneurship,42,24,4,14,17,3,106,162298,107308,monthly_center_report
1616,2025-09-01,2025-09-30,2025-10-03 00:00:00,District F,CENTER_06,Vocational Training,75,95,7,12,25,5,21,124718,106493,monthly_center_report
1617,2025-02-01,2025-02-28,2025-03-06 00:00:00,District G,CENTER_10,Digital Skills,33,21,11,1,11,2,95,220295,127521,monthly_center_report
1618,2025-02-01,2025-02-28,2025-03-07 00:00:00,District A,CENTER_20,Career Readiness,83,58,2,23,23,6,41,247060,164814,monthly_center_report
1619,2025-11-01,2025-11-30,2025-12-01 00:00:00,District B,CENTER_15,Digital Skills,57,36,8,13,10,4,56,105540,108698,monthly_center_report
1620,2025-02-01,2025-02-28,2025-03-02 00:00:00,District D,CENTER_15,Career Readiness,45,35,3,7,10,3,39,82621,68446,program_database
1621,2025-11-01,2025-11-30,2025-12-03 00:00:00,District F,CENTER_15,Career Readiness,70,50,20,0,34,6,43,148210,113302,monthly_center_report
1622,2025-05-01,2025-05-31,2025-06-01 00:00:00,District D,CENTER_17,Entrepreneurship,53,40,9,4,26,3,103,158715,142560,monthly_center_report
1623,2025-01-01,2025-01-31,2025-02-06 00:00:00,District D,CENTER_01,Career Readiness,21,17,4,0,11,2,84,90206,57357,monthly_center_report
1624,2025-06-01,2025-06-30,2025-07-01 00:00:00,District F,CENTER_17,Entrepreneurship,41,30,2,9,21,3,84,162727,123018,monthly_center_report
1625,2025-04-01,2025-04-30,2025-05-02 00:00:00,District D,CENTER_18,Career Readiness,98,88,0,10,27,5,100,153105,132544,monthly_center_report
1626,2025-03-01,2025-03-31,2025-04-05 00:00:00,District A,CENTER_19,Career Readiness,69,52,12,5,20,5,20,155675,94603,program_database
1627,2025-07-01,2025-07-31,2025-08-01 00:00:00,District F,CENTER_17,Vocational Training,49,38,10,1,20,3,113,236128,143707,monthly_center_report
1628,2025-11-01,2025-11-30,2025-12-07 00:00:00,District C,CENTER_17,Digital Skills,93,63,5,25,28,6,22,152763,94930,program_database
1629,2025-06-01,2025-06-30,2025-07-01 00:00:00,District E,CENTER_18,Vocational Training,46,38,7,1,16,3,65,74448,48623,monthly_center_report
1630,2025-11-01,2025-11-30,2025-12-06 00:00:00,District A,CENTER_14,Digital Skills,95,67,24,4,25,7,74,57292,57168,monthly_center_report
1631,2025-01-01,2025-01-31,2025-02-06 00:00:00,District B,CENTER_19,Career Readiness,36,22,7,7,11,2,94,216320,173900,monthly_center_report
1632,2025-11-01,2025-11-30,2025-12-03 00:00:00,District F,CENTER_06,Vocational Training,48,34,10,4,17,3,107,100811,56359,monthly_center_report
1633,2025-11-01,2025-11-30,2025-12-06 00:00:00,District D,CENTER_13,Entrepreneurship,26,22,2,2,6,2,105,71748,41938,monthly_center_report
1634,2025-02-01,2025-02-28,2025-03-04 00:00:00,District C,CENTER_01,Digital Skills,78,57,2,19,25,6,83,82160,68220,monthly_center_report
1635,2025-05-01,2025-05-31,2025-06-02 00:00:00,District B,CENTER_05,Entrepreneurship,43,34,8,1,16,3,64,70285,62856,program_database
1636,2025-07-01,2025-07-31,2025-08-02 00:00:00,District H,CENTER_12,Vocational Training,32,20,5,7,10,2,45,55755,30943,program_database
1637,2025-11-01,2025-11-30,2025-12-05 00:00:00,District G,CENTER_03,Career Readiness,29,24,4,1,7,2,96,230181,188248,monthly_center_report
1638,2025-11-01,2025-11-30,2025-12-05 00:00:00,District G,CENTER_13,Entrepreneurship,77,68,7,2,39,5,84,97135,93317,monthly_center_report
1639,2025-11-01,2025-11-30,2025-12-02 00:00:00,District E,CENTER_01,Vocational Training,92,81,1,10,17,6,43,209030,165666,monthly_center_report
1640,2025-06-01,2025-06-30,2025-07-07 00:00:00,District A,CENTER_04,Entrepreneurship,81,55,7,19,21,5,93,207284,196044,monthly_center_report
1641,2025-02-01,2025-02-28,2025-03-05 00:00:00,,CENTER_06,Entrepreneurship,44,32,3,9,19,4,54,57747,37057,monthly_center_report
1642,2025-04-01,2025-04-30,2025-05-03 00:00:00,District A,CENTER_17,Vocational Training,66,58,7,1,28,4,43,106874,105942,program_database
1643,2025-04-01,2025-04-30,2025-05-06 00:00:00,,CENTER_11,Vocational Training,30,22,6,2,7,3,47,120147,70628,monthly_center_report
1644,2025-02-01,2025-02-28,2025-03-02 00:00:00,District E,CENTER_16,Vocational Training,64,45,2,17,25,5,119,220898,662694,monthly_center_report
1645,2025-07-01,2025-07-31,2025-08-05 00:00:00,District E,CENTER_15,Career Readiness,85,77,2,6,37,7,99,100608,65569,monthly_center_report
1646,2025-11-01,2025-11-30,2025-12-02 00:00:00,District E,CENTER_06,Vocational Training,55,31,12,12,19,5,35,76973,76101,monthly_center_report
1647,2025-12-01,2025-12-31,2026-01-04 00:00:00,District E,CENTER_06,Vocational Training,82,57,12,13,32,5,78,166957,137051,monthly_center_report
1648,2025-06-01,2025-06-30,2025-07-01 00:00:00,District G,CENTER_20,Entrepreneurship,99,92,6,1,46,7,100,209198,122021,monthly_center_report
1649,2025-10-01,2025-10-31,2025-11-06 00:00:00,District G,CENTER_14,Vocational Training,65,52,8,5,23,4,73,215858,126720,monthly_center_report
1650,2025-01-01,2025-01-31,2025-02-02 00:00:00,District B,CENTER_15,Vocational Training,85,59,18,8,16,7,98,203844,194040,monthly_center_report
1651,2025-07-01,2025-07-31,2025-08-01 00:00:00,District G,CENTER_10,Entrepreneurship,23,16,6,1,5,2,35,97160,101881,monthly_center_report
1652,2025-06-01,2025-06-30,2025-07-05 00:00:00,District F,CENTER_14,Vocational Training,51,39,11,1,16,4,34,106409,75612,program_database
1653,2025-06-01,2025-06-30,2025-07-01 00:00:00,District F,CENTER_12,Vocational Training,35,22,13,0,11,3,117,133516,96833,monthly_center_report
1654,2025-08-01,2025-08-31,2025-09-06 00:00:00,District A,CENTER_11,Vocational Training,92,64,3,25,29,7,30,134295,78476,monthly_center_report
1655,2025-07-01,2025-07-31,2025-08-02 00:00:00,District D,CENTER_18,Digital Skills,56,39,11,6,13,4,84,188218,147208,program_database
1656,2025-12-01,2025-12-31,2026-01-04 00:00:00,District D,CENTER_04,Entrepreneurship,97,81,14,2,16,6,98,200457,176074,monthly_center_report
1657,2025-06-01,2025-06-30,2025-07-07 00:00:00,District G,CENTER_14,Entrepreneurship,45,37,5,3,17,3,109,63018,34923,monthly_center_report
1658,2025-05-01,2025-05-31,2025-06-05 00:00:00,District H,CENTER_16,Digital Skills,73,46,24,3,16,5,87,82530,72695,monthly_center_report
1659,2025-10-01,2025-10-31,2025-11-02 00:00:00,District H,CENTER_06,Entrepreneurship,69,51,11,7,29,4,62,201103,111140,monthly_center_report
1660,2025-11-01,2025-11-30,2025-12-06 00:00:00,District A,CENTER_10,Digital Skills,93,81,12,0,17,8,88,171050,160172,monthly_center_report
1661,2025-01-01,2025-01-31,2025-02-05 00:00:00,District E,CENTER_05,Career Readiness,88,67,5,16,33,6,118,60255,35142,program_database
1662,2025-08-01,2025-08-31,2025-09-03 00:00:00,District F,CENTER_01,Digital Skills,32,27,2,3,18,2,32,239596,201705,manual_submission
1663,2025-06-01,2025-06-30,2025-07-01 00:00:00,District E,CENTER_09,Entrepreneurship,71,61,9,1,18,5,29,195870,587610,monthly_center_report
1664,2025-07-01,2025-07-31,2025-08-07 00:00:00,District F,CENTER_16,Digital Skills,58,50,1,7,22,4,94,179325,145074,monthly_center_report
1665,2025-01-01,2025-01-31,2025-02-06 00:00:00,District B,CENTER_12,Digital Skills,48,29,18,1,7,4,101,52725,46692,monthly_center_report
1666,2025-12-01,2025-12-31,2026-01-03 00:00:00,District C,CENTER_04,Entrepreneurship,75,59,9,7,30,4,117,94614,87151,monthly_center_report
1667,2025-09-01,2025-09-30,2025-10-02 00:00:00,District B,CENTER_07,Entrepreneurship,20,12,8,0,6,2,60,118075,76452,monthly_center_report
1668,2025-05-01,2025-05-31,2025-06-04 00:00:00,District A,CENTER_04,Digital Skills,29,26,1,2,10,2,69,136331,126104,monthly_center_report
1669,2025-03-01,2025-03-31,2025-04-05 00:00:00,District G,CENTER_09,Vocational Training,94,85,2,7,39,5,106,81431,75678,manual_submission
1670,2025-10-01,2025-10-31,2025-11-01 00:00:00,District C,CENTER_11,Vocational Training,72,56,2,14,36,6,90,225173,197491,monthly_center_report
1671,2025-10-01,2025-10-31,2025-11-05 00:00:00,District B,CENTER_17,Vocational Training,81,73,1,7,22,7,78,123542,103701,monthly_center_report
1672,2025-02-01,2025-02-28,2025-03-07 00:00:00,District F,CENTER_16,Vocational Training,53,42,7,4,9,3,58,236484,148568,monthly_center_report
1673,2025-11-01,2025-11-30,2025-12-02 00:00:00,District B,CENTER_12,Vocational Training,46,34,1,11,21,3,22,70451,63983,program_database
1674,2025-04-01,2025-04-30,2025-05-05 00:00:00,District B,CENTER_16,Digital Skills,21,13,5,3,6,2,95,172722,112463,program_database
1675,2025-02-01,2025-02-28,2025-03-01 00:00:00,District G,CENTER_07,Career Readiness,63,42,15,6,27,5,26,204802,137371,monthly_center_report
1676,2025-11-01,2025-11-30,2025-12-02 00:00:00,District F,CENTER_10,Career Readiness,39,24,12,3,12,4,68,84094,64115,monthly_center_report
1677,2025-08-01,2025-08-31,2025-09-05 00:00:00,District D,CENTER_12,Career Readiness,99,90,1,8,54,7,45,103220,82940,program_database
1678,2025-05-01,2025-05-31,2025-06-04 00:00:00,District G,CENTER_07,Digital Skills,74,46,23,5,19,4,52,229900,135292,monthly_center_report
1679,2025-03-01,2025-03-31,2025-04-06 00:00:00,District E,CENTER_19,Digital Skills,79,65,0,14,37,5,120,78094,57898,program_database
1680,2025-08-01,2025-08-31,2025-09-02 00:00:00,District B,CENTER_08,Digital Skills,43,37,4,2,24,3,67,57493,50579,monthly_center_report
1681,2025-06-01,2025-06-30,2025-07-06 00:00:00,District H,CENTER_17,Career Readiness,53,46,6,1,22,4,98,194258,133255,monthly_center_report
1682,2025-04-01,2025-04-30,2025-05-02 00:00:00,District B,CENTER_12,Career Readiness,39,32,1,6,9,4,21,181646,123888,monthly_center_report
1683,2025-01-01,2025-01-31,2025-02-04 00:00:00,District G,CENTER_17,Entrepreneurship,76,70,4,2,23,6,90,146935,127567,program_database
1684,2025-12-01,2025-12-31,2026-01-06 00:00:00,District B,CENTER_02,Career Readiness,74,50,18,6,15,5,51,127071,87012,monthly_center_report
1685,2025-10-01,2025-10-31,2025-11-03 00:00:00,District D,CENTER_13,Vocational Training,55,34,5,16,11,3,23,209238,187753,program_database
1686,2025-02-01,2025-02-28,2025-03-01 00:00:00,District H,CENTER_17,Career Readiness,26,16,0,10,6,2,39,115259,97699,monthly_center_report
1687,2025-01-01,2025-01-31,2025-02-03 00:00:00,District B,CENTER_08,Digital Skills,24,15,0,9,7,2,55,119777,105521,monthly_center_report
1688,2025-05-01,2025-05-31,2025-06-05 00:00:00,District D,CENTER_03,Digital Skills,48,42,2,4,21,3,51,233372,219139,monthly_center_report
1689,2025-02-01,2025-02-28,2025-03-04 00:00:00,District G,CENTER_13,Career Readiness,48,41,3,4,17,3,47,179806,115770,monthly_center_report
1690,2025-06-01,2025-06-30,2025-07-03 00:00:00,District D,CENTER_06,Vocational Training,56,32,2,22,16,3,96,206319,185578,monthly_center_report
1691,2025-03-01,2025-03-31,2025-04-02 00:00:00,District E,CENTER_01,Digital Skills,84,58,4,22,14,6,20,213084,163259,monthly_center_report
1692,2025-03-01,2025-03-31,2025-04-05 00:00:00,District H,CENTER_10,Vocational Training,60,33,6,21,8,4,79,68207,46366,program_database
1693,2025-08-01,2025-08-31,2025-09-05 00:00:00,District C,CENTER_06,Entrepreneurship,38,21,17,0,6,3,75,224596,222258,monthly_center_report
1694,2025-01-01,2025-01-31,2025-02-03 00:00:00,District H,CENTER_14,Entrepreneurship,42,27,7,8,12,4,54,70179,58155,manual_submission
1695,2025-08-01,2025-08-31,2025-09-03 00:00:00,District C,CENTER_01,Entrepreneurship,-5,53,41,0,16,1,49,178006,157254,monthly_center_report
1696,2025-01-01,2025-01-31,2025-02-04 00:00:00,District D,CENTER_16,Digital Skills,22,14,4,4,5,2,73,109844,109729,program_database
1697,2025-02-01,2025-02-28,2025-03-01 00:00:00,District C,CENTER_05,Digital Skills,58,52,0,6,21,4,55,242986,173162,monthly_center_report
1698,2025-12-01,2025-12-31,2026-01-03 00:00:00,District F,CENTER_15,Career Readiness,64,58,2,4,35,4,74,117460,123107,monthly_center_report
1699,2025-08-01,2025-08-31,2025-09-07 00:00:00,District H,CENTER_09,Entrepreneurship,21,18,1,2,4,2,108,128940,125385,monthly_center_report
1700,2025-02-01,2025-02-28,2025-03-03 00:00:00,District F,CENTER_17,Career Readiness,54,35,3,16,18,5,99,240897,201956,monthly_center_report
1701,2025-04-01,2025-04-30,2025-05-06 00:00:00,District A,CENTER_05,Career Readiness,38,21,6,11,11,2,77,180503,107843,program_database
1702,2025-06-01,2025-06-30,2025-07-02 00:00:00,District A,CENTER_08,Career Readiness,46,43,3,0,26,3,102,100814,71912,monthly_center_report
1703,2025-11-01,2025-11-30,2025-12-07 00:00:00,District G,CENTER_04,Entrepreneurship,89,75,0,14,50,5,84,167773,159943,monthly_center_report
1704,2025-06-01,2025-06-30,2025-07-07 00:00:00,District C,CENTER_09,Entrepreneurship,70,62,2,6,13,4,88,122416,128391,program_database
1705,2025-10-01,2025-10-31,2025-11-06 00:00:00,District E,CENTER_07,Digital Skills,86,55,10,21,15,5,70,210528,120037,monthly_center_report
1706,2025-10-01,2025-10-31,2025-11-06 00:00:00,District B,CENTER_14,Career Readiness,64,45,10,9,29,3,41,78885,48517,program_database
1707,2025-08-01,2025-08-31,2025-09-05 00:00:00,District A,CENTER_16,Vocational Training,39,21,2,16,9,4,107,125964,91980,monthly_center_report
1708,2025-05-01,2025-05-31,2025-06-01 00:00:00,District C,CENTER_10,Career Readiness,28,24,2,2,12,2,120,54087,45059,program_database
1709,2025-05-01,2025-05-31,2025-06-02 00:00:00,District H,CENTER_02,Vocational Training,95,64,24,7,34,7,72,63944,56089,monthly_center_report
1710,2025-07-01,2025-07-31,2025-08-04 00:00:00,District H,CENTER_10,Digital Skills,65,41,3,21,22,5,119,50168,27953,monthly_center_report
1711,2025-06-01,2025-06-30,2025-07-07 00:00:00,District A,CENTER_09,Vocational Training,56,47,1,8,31,5,55,224411,193413,monthly_center_report
1712,2025-03-01,2025-03-31,2025-04-04 00:00:00,District C,CENTER_03,Entrepreneurship,45,38,1,6,27,3,87,203413,115837,manual_submission
1713,2025-01-01,2025-01-31,2025-02-03 00:00:00,District B,CENTER_10,Vocational Training,80,70,5,5,39,5,55,115202,99046,monthly_center_report
1714,2025-02-01,2025-02-28,2025-03-03 00:00:00,District G,CENTER_14,Career Readiness,53,41,8,4,14,3,71,206510,178075,monthly_center_report
1715,2025-11-01,2025-11-30,2025-12-04 00:00:00,District E,CENTER_06,Career Readiness,61,54,5,2,35,5,72,229128,193262,monthly_center_report
1716,2025-07-01,2025-07-31,2025-08-03 00:00:00,District D,CENTER_09,Vocational Training,90,70,14,6,16,5,101,128921,134766,manual_submission
1717,2025-10-01,2025-10-31,2025-11-01 00:00:00,District E,CENTER_03,Entrepreneurship,100,85,1,14,27,6,69,193086,148897,program_database
1718,2025-02-01,2025-02-28,2025-03-06 00:00:00,District C,CENTER_13,Career Readiness,37,30,0,7,19,3,99,231962,172722,manual_submission
1719,2025-08-01,2025-08-31,2025-09-03 00:00:00,District F,CENTER_17,Entrepreneurship,65,41,11,13,13,4,60,172303,146186,monthly_center_report
1720,2025-01-01,2025-01-31,2025-02-05 00:00:00,District G,CENTER_14,Career Readiness,91,83,8,0,26,7,37,160341,162677,monthly_center_report
1721,2025-04-01,2025-04-30,2025-05-03 00:00:00,District B,CENTER_05,Entrepreneurship,94,64,14,16,17,7,41,147808,120291,monthly_center_report
1722,2025-01-01,2025-01-31,2025-02-02 00:00:00,District C,CENTER_20,Entrepreneurship,70,44,22,4,28,4,85,155628,163069,program_database
1723,2025-01-01,2025-01-31,2025-02-01 00:00:00,District A,CENTER_15,Career Readiness,30,28,2,0,13,3,40,120824,105691,monthly_center_report
1724,2025-05-01,2025-05-31,2025-06-02 00:00:00,District B,CENTER_11,Digital Skills,92,80,5,7,43,6,119,231034,209674,monthly_center_report
1725,2025-12-01,2025-12-31,2026-01-02 00:00:00,District F,CENTER_02,Digital Skills,94,74,4,16,24,5,63,243819,140604,program_database
1726,2025-09-01,2025-09-30,2025-10-05 00:00:00,District A,CENTER_07,Vocational Training,83,60,19,4,35,5,66,108600,96370,monthly_center_report
1727,2025-12-01,2025-12-31,2026-01-01 00:00:00,District C,CENTER_10,Entrepreneurship,20,16,1,3,9,2,58,213489,157247,monthly_center_report
1728,2025-01-01,2025-01-31,2025-02-01 00:00:00,District D,CENTER_04,Digital Skills,39,36,3,0,13,3,48,186268,118034,monthly_center_report
1729,2025-02-01,2025-02-28,2025-03-01 00:00:00,District B,CENTER_08,Vocational Training,80,60,20,0,24,7,73,182593,163501,monthly_center_report
1730,2025-02-01,2025-02-28,2025-03-01 00:00:00,District H,CENTER_13,Digital Skills,58,48,4,6,15,4,109,176804,154583,program_database
1731,2025-10-01,2025-10-31,2025-11-01 00:00:00,District C,CENTER_08,Entrepreneurship,76,50,5,21,34,5,104,211784,133022,monthly_center_report
1732,2025-11-01,2025-11-30,2025-12-05 00:00:00,District B,CENTER_14,Vocational Training,22,17,4,1,9,2,36,87142,74040,monthly_center_report
1733,2025-08-01,2025-08-31,2025-09-03 00:00:00,District D,CENTER_06,Vocational Training,81,50,13,18,33,4,99,125877,113612,monthly_center_report
1734,2025-06-01,2025-06-30,2025-07-02 00:00:00,District B,CENTER_19,Career Readiness,55,40,3,12,14,4,79,151140,133589,monthly_center_report
1735,2025-07-01,2025-07-31,2025-08-01 00:00:00,District B,CENTER_15,Career Readiness,38,33,5,0,20,3,50,124297,78911,monthly_center_report
1736,2025-01-01,2025-01-31,2025-02-07 00:00:00,District H,CENTER_04,Career Readiness,94,52,23,19,30,6,92,58934,55371,monthly_center_report
1737,2025-03-01,2025-03-31,2025-04-03 00:00:00,District H,CENTER_02,Entrepreneurship,79,62,3,14,34,5,114,122588,110307,monthly_center_report
1738,2025-09-01,2025-09-30,2025-10-03 00:00:00,District A,CENTER_06,Entrepreneurship,84,74,7,3,51,7,97,141444,134570,monthly_center_report
1739,2025-03-01,2025-03-31,2025-04-02 00:00:00,District G,CENTER_17,Digital Skills,39,36,1,2,14,3,68,221949,181547,monthly_center_report
1740,2025-05-01,2025-05-31,2025-06-05 00:00:00,District F,CENTER_15,Vocational Training,58,43,3,12,11,3,120,67880,50974,monthly_center_report
1741,2025-10-01,2025-10-31,2025-11-04 00:00:00,District H,CENTER_13,Career Readiness,43,26,1,16,14,3,21,222728,186268,program_database
1742,2025-10-01,2025-10-31,2025-11-04 00:00:00,District E,CENTER_05,Entrepreneurship,94,62,10,22,35,6,67,203221,205386,program_database
1743,2025-01-01,2025-01-31,2025-02-03 00:00:00,District G,CENTER_03,Digital Skills,40,31,6,3,15,3,33,75307,63741,program_database
1744,2025-06-01,2025-06-30,2025-07-06 00:00:00,District B,CENTER_16,Career Readiness,49,33,9,7,10,4,78,77638,44719,monthly_center_report
1745,2025-02-01,2025-02-28,2025-03-06 00:00:00,District C,CENTER_13,Career Readiness,27,15,3,9,7,2,116,115662,88095,monthly_center_report
1746,2025-08-01,2025-08-31,2025-09-02 00:00:00,District B,CENTER_02,Digital Skills,67,39,9,19,14,5,118,215489,183903,monthly_center_report
1747,2025-02-01,2025-02-28,2025-03-04 00:00:00,District A,CENTER_06,Entrepreneurship,77,69,2,6,29,6,77,84921,84195,monthly_center_report
1748,2025-08-01,2025-08-31,2025-09-03 00:00:00,District D,CENTER_07,Entrepreneurship,76,61,6,9,32,7,77,109112,71535,monthly_center_report
1749,2025-09-01,2025-09-30,2025-10-05 00:00:00,District D,CENTER_06,Career Readiness,44,39,5,0,22,3,70,202596,201187,monthly_center_report
1750,2025-01-01,2025-01-31,2025-02-04 00:00:00,District A,CENTER_04,Vocational Training,37,23,0,14,7,2,103,51372,47196,manual_submission
1751,2025-06-01,2025-06-30,2025-07-03 00:00:00,District F,CENTER_14,Digital Skills,43,28,0,15,11,3,21,99843,94982,monthly_center_report
1752,2025-09-01,2025-09-30,2025-10-03 00:00:00,District D,CENTER_19,Career Readiness,65,61,2,2,20,4,60,212130,119856,monthly_center_report
1753,2025-07-01,2025-07-31,2025-08-01 00:00:00,District C,CENTER_03,Career Readiness,100,90,4,6,27,7,102,68577,59066,program_database
1754,2025-02-01,2025-02-28,2025-03-05 00:00:00,District B,CENTER_05,Entrepreneurship,35,32,0,3,19,2,120,110443,86422,monthly_center_report
1755,2025-01-01,2025-01-31,2025-02-01 00:00:00,District A,CENTER_20,Entrepreneurship,48,42,0,6,27,4,101,125994,73227,program_database
1756,2025-02-01,2025-02-28,2025-03-02 00:00:00,District E,CENTER_13,Entrepreneurship,40,27,9,4,10,2,35,69602,40613,program_database
1757,2025-07-01,2025-07-31,2025-08-01 00:00:00,District D,CENTER_17,Entrepreneurship,99,93,6,0,54,5,23,193115,185098,manual_submission
1758,2025-05-01,2025-05-31,2025-06-07 00:00:00,District B,CENTER_19,Career Readiness,23,20,3,0,13,2,31,138616,141247,monthly_center_report
1759,2025-06-01,2025-06-30,2025-07-01 00:00:00,District G,CENTER_09,Vocational Training,27,15,10,2,9,2,48,103538,76907,program_database
1760,2025-08-01,2025-08-31,2025-09-07 00:00:00,District F,CENTER_02,Vocational Training,29,16,1,12,5,2,26,197811,129644,monthly_center_report
1761,2025-07-01,2025-07-31,2025-08-04 00:00:00,District A,CENTER_12,Digital Skills,96,61,30,5,41,7,33,194552,152636,monthly_center_report
1762,2025-12-01,2025-12-31,2026-01-06 00:00:00,District H,CENTER_05,Entrepreneurship,25,16,8,1,6,2,31,59332,35628,monthly_center_report
1763,2025-11-01,2025-11-30,2025-12-03 00:00:00,District H,CENTER_17,Vocational Training,64,39,12,13,14,4,118,175198,109260,monthly_center_report
1764,2025-01-01,2025-01-31,2025-02-07 00:00:00,District E,CENTER_08,Digital Skills,23,21,2,0,5,2,24,190033,176663,monthly_center_report
1765,2025-01-01,2025-01-31,2025-02-05 00:00:00,District G,CENTER_01,Career Readiness,69,64,2,3,28,4,100,232305,178844,monthly_center_report
1766,2025-09-01,2025-09-30,2025-10-01 00:00:00,District C,CENTER_14,Career Readiness,37,24,12,1,6,2,51,164806,156425,program_database
1767,2025-06-01,2025-06-30,2025-07-07 00:00:00,District B,CENTER_20,Entrepreneurship,44,29,5,10,9,4,93,164432,115051,program_database
1768,2025-02-01,2025-02-28,2025-03-05 00:00:00,District A,CENTER_08,Vocational Training,95,61,34,0,22,5,62,109539,67348,program_database
1769,2025-01-01,2025-01-31,2025-02-06 00:00:00,District G,CENTER_18,Digital Skills,51,33,17,1,20,3,100,70083,50996,monthly_center_report
1770,2025-03-01,2025-03-31,2025-04-06 00:00:00,District A,CENTER_05,Career Readiness,56,45,11,0,29,3,88,132346,76930,program_database
1771,2025-05-01,2025-05-31,2025-06-01 00:00:00,District F,CENTER_20,Vocational Training,36,22,5,9,8,2,64,154285,147266,monthly_center_report
1772,2025-02-01,2025-02-28,2025-03-02 00:00:00,District H,CENTER_04,Digital Skills,52,31,4,17,20,4,28,103965,74992,program_database
1773,2025-08-01,2025-08-31,2025-09-01 00:00:00,District H,CENTER_12,Vocational Training,58,51,2,5,32,3,68,194547,122070,manual_submission
1774,2025-06-01,2025-06-30,2025-07-04 00:00:00,District E,CENTER_08,Entrepreneurship,89,51,6,32,30,5,52,77362,61291,monthly_center_report
1775,2025-12-01,2025-12-31,2026-01-07 00:00:00,District A,CENTER_12,Career Readiness,99,66,2,31,18,8,119,123343,102584,program_database
1776,2025-09-01,2025-09-30,2025-10-03 00:00:00,District B,CENTER_07,Vocational Training,49,42,3,4,23,3,119,244486,151232,monthly_center_report
1777,2025-12-01,2025-12-31,2026-01-02 00:00:00,District D,CENTER_04,Entrepreneurship,38,29,9,0,20,2,37,111631,89612,monthly_center_report
1778,2025-01-01,2025-01-31,2025-02-01 00:00:00,District H,CENTER_15,Digital Skills,83,50,31,2,27,6,28,120857,104178,monthly_center_report
1779,2025-05-01,2025-05-31,2025-06-05 00:00:00,District E,CENTER_19,Career Readiness,30,19,11,0,7,2,81,123162,97780,monthly_center_report
1780,2025-07-01,2025-07-31,2025-08-02 00:00:00,District G,CENTER_16,Digital Skills,69,40,15,14,18,4,76,61643,48068,program_database
1781,2025-03-01,2025-03-31,2025-04-07 00:00:00,District D,CENTER_07,Career Readiness,75,50,8,17,26,6,48,63699,61226,monthly_center_report
1782,2025-01-01,2025-01-31,2025-02-02 00:00:00,District E,CENTER_02,Entrepreneurship,97,55,21,21,25,6,97,118821,90221,monthly_center_report
1783,2025-12-01,2025-12-31,2026-01-07 00:00:00,District D,CENTER_01,Entrepreneurship,99,72,14,13,19,6,44,162079,147897,monthly_center_report
1784,2025-12-01,2025-12-31,2026-01-01 00:00:00,,CENTER_04,Career Readiness,56,43,0,13,15,4,34,190184,168047,program_database
1785,2025-03-01,2025-03-31,2025-04-07 00:00:00,District H,CENTER_14,Entrepreneurship,68,58,3,7,35,6,25,245463,240824,manual_submission
1786,2025-05-01,2025-05-31,2025-06-02 00:00:00,District D,CENTER_05,Digital Skills,55,37,16,2,23,5,61,115518,94610,program_database
1787,2025-01-01,2025-01-31,2025-02-05 00:00:00,District E,CENTER_11,Career Readiness,98,86,8,4,23,7,48,144816,151292,program_database
1788,2025-02-01,2025-02-28,2025-03-06 00:00:00,District E,CENTER_09,Digital Skills,59,53,2,4,36,3,98,223218,164228,monthly_center_report
1789,2025-08-01,2025-08-31,2025-09-02 00:00:00,District F,CENTER_09,Vocational Training,79,49,30,0,18,6,112,165319,131378,monthly_center_report
1790,2025-06-01,2025-06-30,2025-07-07 00:00:00,District A,CENTER_15,Digital Skills,81,68,3,10,36,5,23,195911,156000,monthly_center_report
1791,2025-10-01,2025-10-31,2025-11-06 00:00:00,District D,CENTER_14,Digital Skills,30,22,4,4,13,3,101,209993,203507,monthly_center_report
1792,2025-03-01,2025-03-31,2025-04-07 00:00:00,District F,CENTER_03,Career Readiness,53,36,9,8,22,4,76,118037,115664,program_database
1793,2025-11-01,2025-11-30,2025-12-05 00:00:00,District H,CENTER_05,Vocational Training,42,29,11,2,20,3,68,211991,151386,monthly_center_report
1794,2025-11-01,2025-11-30,2025-12-07 00:00:00,District A,CENTER_08,Digital Skills,24,17,5,2,6,2,63,229422,213643,program_database
1795,2025-01-01,2025-01-31,2025-02-01 00:00:00,District H,CENTER_19,Entrepreneurship,90,54,22,14,34,7,99,65941,42743,monthly_center_report
1796,2025-11-01,2025-11-30,2025-12-03 00:00:00,District E,CENTER_09,Digital Skills,65,60,1,4,16,4,94,238303,151976,monthly_center_report
1797,2025-06-01,2025-06-30,2025-07-02 00:00:00,,CENTER_20,Vocational Training,33,25,7,1,14,3,33,182890,153564,monthly_center_report
1798,2025-04-01,2025-04-30,2025-05-03 00:00:00,,CENTER_04,Digital Skills,46,34,7,5,19,3,22,199517,174053,program_database
1799,2025-11-01,2025-11-30,2025-12-07 00:00:00,District F,CENTER_14,Digital Skills,74,47,18,9,25,4,81,87507,72309,program_database
1800,2025-06-01,2025-06-30,2025-07-05 00:00:00,District A,CENTER_11,Entrepreneurship,72,50,2,20,16,6,83,148229,130565,program_database
1592,2025-08-01,2025-08-31,2025-09-02 00:00:00,District G,CENTER_14,Vocational Training,66,44,6,16,28,5,64,213743,144271,monthly_center_report
944,2025-08-01,2025-08-31,2025-09-07 00:00:00,District D,CENTER_13,Career Readiness,53,29,20,4,8,4,101,189052,127296,manual_submission
870,2025-07-01,2025-07-31,2025-08-06 00:00:00,District F,CENTER_13,Digital Skills,90,62,26,2,14,5,77,126764,95968,monthly_center_report
163,2025-01-01,2025-01-31,2025-02-04 00:00:00,District A,CENTER_10,Career Readiness,94,87,2,5,49,5,39,241983,222369,monthly_center_report
1272,2025-01-01,2025-01-31,2025-02-07 00:00:00,District H,CENTER_20,Vocational Training,45,39,0,6,17,4,77,217362,186236,manual_submission
71,2025-09-01,2025-09-30,2025-10-03 00:00:00,District C,CENTER_03,Entrepreneurship,99,92,2,5,57,6,108,74480,50340,monthly_center_report
248,2025-07-01,2025-07-31,2025-08-02 00:00:00,District D,CENTER_05,Entrepreneurship,20,14,2,4,5,2,76,142488,103542,program_database
323,2025-12-01,2025-12-31,2026-01-03 00:00:00,District C,CENTER_15,Entrepreneurship,43,25,18,0,7,3,96,243099,241947,monthly_center_report
1660,2025-11-01,2025-11-30,2025-12-02 00:00:00,District A,CENTER_10,Digital Skills,93,81,12,0,50,5,87,171050,160172,monthly_center_report
1005,2025-11-01,2025-11-30,2025-12-07 00:00:00,District F,CENTER_10,Vocational Training,31,17,14,0,8,2,97,175772,139525,manual_submission
1663,2025-06-01,2025-06-30,2025-07-01 00:00:00,District E,CENTER_09,Entrepreneurship,71,61,9,1,18,4,116,195870,181350,monthly_center_report
910,2025-07-01,2025-07-31,2025-08-06 00:00:00,District D,CENTER_19,Career Readiness,92,73,9,10,41,6,111,192744,142817,program_database
1226,2025-09-01,2025-09-30,2025-10-07 00:00:00,District D,CENTER_04,Entrepreneurship,94,61,21,12,28,7,71,144704,149509,monthly_center_report
902,2025-02-01,2025-02-28,2025-03-03 00:00:00,District B,CENTER_15,Vocational Training,79,54,22,3,27,4,56,169428,118306,monthly_center_report
592,2025-04-01,2025-04-30,2025-05-04 00:00:00,District E,CENTER_16,Vocational Training,100,80,20,0,34,7,27,128935,130999,monthly_center_report
251,2025-06-01,2025-06-30,2025-07-07 00:00:00,District A,CENTER_12,Digital Skills,50,41,8,1,8,5,72,202542,165689,program_database
